"Date","SPX米国株","EFA先進国株（米国除き）","NKY日本株","ACW世界株","EEM新興国株","SHY米国債（1-3年）","IEF米国債（7-10年）","TLT米国債（20年超）","JGB日本国債","EMB新興国国債","LQD米国投資適格社債","VNQ米国REIT","COMコモディティ","XAUゴールド","BTCビットコイン","ETHイーサリアム","XRPリップル","USDJPY"
"2005/10/31","-0.023650536407296086","-0.03184138384801638","0.002447052631654234","-0.027151268310110638","-0.06338383162915484","-0.0008204203608452865","-0.012392521909998955","-0.022409904697909155","-0.0028575732488660467","-0.014910510275165415","-0.01581748810193795","-0.0287845011950415","-0.10387586182900456","-0.007051280679708949","#N/A","#N/A","#N/A","0.02626479271090898"
"2005/11/30","0.04395235343754944","0.02311094223945931","0.09278668948431323","0.036080281474682535","0.05786137405091929","0.0038947067856298645","0.006253913550372969","0.006902302740923183","0.006014106266243208","0.014078746741483702","0.006568915448868173","0.04156048619170183","-0.03910318365781508","0.05745646821367689","#N/A","#N/A","#N/A","0.02816900301034786"
"2005/12/31","-0.0019137582018208255","0.05182565249757465","0.08341085089146816","0.024354713193398964","0.06105911274851383","0.0034925515396992957","0.013658887336380987","0.029817089487921722","-0.0010904707233065968","0.017968479681170678","0.008610272546227815","0.00024265027003589346","0.02805994979124958","0.05270651662889514","#N/A","#N/A","#N/A","-0.014533894470664555"
"2006/01/31","0.024014095607306718","0.057715343161012234","0.0331682622467222","0.0490029331258823","0.1419832639345482","0.001744999116531476","-0.007031567752053269","-0.013383639918444379","-0.002815506590525435","0.011822653877411457","-0.004365031577929224","0.0753856591543638","0.04271589729507906","0.09781559168137144","#N/A","#N/A","#N/A","-0.0056789776171884965"
"2006/02/28","0.00572527553166946","-0.006999774390368918","-0.02644019086297733","-0.0017494906225115365","-0.03849967939514676","0.0003380088306292883","-0.0010350356238200131","0.011078804291270616","-0.003363404883670712","0.022072836284494766","0.0068248801303865125","0.01857900078912511","-0.10166792296079065","-0.013030442513958795","#N/A","#N/A","#N/A","-0.012957093808711462"
"2006/03/31","0.016504673139111414","0.04005128132415048","0.05671558643824137","0.020771201496026376","0.02167151113766086","0.0017402517122571126","-0.013578776658097369","-0.045698534136429436","-0.006951785069017951","-0.017726727772496155","-0.016833655654325153","0.04715058958965179","0.050679200950703426","0.03889383307909111","#N/A","#N/A","#N/A","0.017013569437142495"
"2006/04/30","0.012631566894170554","0.04790522908827888","-0.008750731967523184","0.03302357250592533","0.06515153757446535","0.002207895162753104","-0.006271095468049603","-0.027524754820274833","-0.005471533311501636","-0.0004932651859330475","-0.0020215456986082403","-0.03401064317213309","0.0627087311678892","0.11935431515112205","#N/A","#N/A","#N/A","-0.0334579005598884"
"2006/05/31","-0.03012060088125834","-0.0382187136948291","-0.08433163068068728","-0.03967861536857467","-0.11142689898862013","0.0016697250774355687","-0.001068302405149768","-0.0019086605505097554","0.003645031828492068","-0.021487908111746924","-0.0019006469146355398","-0.026977696559010944","-0.008320750213331132","-0.01503529421576344","#N/A","#N/A","#N/A","-0.011333692839449183"
"2006/06/30","0.0026076729848785174","-0.0006110484417519713","0.0026230687656212393","-0.0007551069141430738","0.0021343920327379085","0.0023639177185814653","0.002295766495047813","0.011783241961964563","-0.0029659832330964976","-0.0030759133892112956","-0.0008587672915881805","0.04961031878727429","0.010999450209620107","-0.04626167099781364","#N/A","#N/A","#N/A","0.017417569587970583"
"2006/07/31","0.004478381305452528","0.008105152229916035","-0.00319862362633605","0.006574838464462133","0.02342904576819449","0.006650376791542234","0.016773243898826173","0.021633516968280864","0.0007907969292631989","0.033811459635360606","0.014589502401882948","0.03891371443749958","0.019426691736059584","0.03315369326451756","#N/A","#N/A","#N/A","0.0001747250662431643"
"2006/08/31","0.02182287187711829","0.025485101904568985","0.04428889862352148","0.02561911233349498","0.01581695589363208","0.007519683223875084","0.017635316218246322","0.030560569666730375","0.016788337351157805","0.025682585545784196","0.022254685233370708","0.03484361710194661","-0.07133002821447809","-0.014859363947795412","#N/A","#N/A","#N/A","0.024888642222978152"
"2006/09/30","0.02700150030881243","0.0022191384246097456","0.0025198729471802572","0.011403416916364565","-0.008707329883011261","0.004390236627124899","0.012075622329142721","0.01914934313133254","0.00016552498293764267","0.0048340364382336775","0.008725675232966745","0.01965885487432728","-0.10736264075143953","-0.04492935472193893","#N/A","#N/A","#N/A","0.005112461409344737"
"2006/10/31","0.031516036936749536","0.03749092107162055","0.01679791467576175","0.03730153286567936","0.07057985101703501","0.004173715780676712","0.005385129468649108","0.008467095253878343","-0.0014146974322140125","0.020164815712900096","0.010013095215501755","0.06027760620187572","-0.025433793738673605","0.010248633880000302","#N/A","#N/A","#N/A","-0.009918601034469843"
"2006/11/30","0.019885712005426992","0.030729627384529445","-0.007477095268537237","0.027978525641025626","0.05984542333940057","0.004834489730397795","0.013113378481434124","0.023081194472847955","0.0031865951019528437","0.012545777394954568","0.01461401652805594","0.047812864929393184","0.04999998139172068","0.071345401630033","#N/A","#N/A","#N/A","-0.009504243528128842"
"2006/12/31","0.01337140334236575","0.03197206723363544","0.05868464073549218","0.022015624391194394","0.0545978552035391","0.0006590624153641755","-0.01275472115192633","-0.026956421812955766","0.0010253844499407085","0.007573029402564788","-0.008961024439852028","-0.018426041833251583","-0.06922182566895219","-0.018162077707285174","#N/A","#N/A","#N/A","0.02852699726013186"
"2007/01/31","0.015040095260268727","0.01393057047817825","0.008951078017734648","0.009738335834583915","0.001138741374090202","0.0016247469934187464","-0.004003388943785269","-0.009952347168035947","0.0012748827299745526","-0.0032732504461167955","0.000937008924865923","0.0877926246662597","-0.025455464575294795","0.025296494715287166","#N/A","#N/A","#N/A","0.01479235549822655"
"2007/02/28","-0.019617406482731914","-0.0012122694130187739","0.012845699882722439","-0.005573395598952787","-0.03237092379619533","0.007269327821225691","0.020550247504047103","0.03388984421614949","0.0032041839507940205","0.016716475371566418","0.020004623871686666","-0.026982223119262017","0.03713190246527143","0.025134869177871666","#N/A","#N/A","#N/A","-0.01664729619346028"
"2007/03/31","0.011588469311240468","0.02899539962141806","-0.01365097779160318","0.019793085787451953","0.053345277403634705","0.004507181259818971","-0.00138150328470521","-0.017002101213023035","0.0007698182142218346","0.009200631216526386","-0.00674997948473588","-0.02074903357269975","0.024691358024691468","-0.009777313883234884","#N/A","#N/A","#N/A","-0.007748722078058656"
"2007/04/30","0.044295938041240435","0.03748336506620076","0.0065746481964614745","0.04415453277545331","0.03725339872706446","0.0030559186923799775","0.006064301237634684","0.009050144477136701","0.0015526782534370732","0.006533918488764188","0.008916219615637155","-0.0012602242125875351","0.004578280161662285","0.020811120047934395","#N/A","#N/A","#N/A","0.013156804039376357"
"2007/05/31","0.0339203769443337","0.023623220318028215","0.0274703823927005","0.029445558745632122","0.050645658994040055","-0.000673919782243293","-0.013934619346709365","-0.023138262789433095","-0.005419270703694417","-0.005368281896876084","-0.012307718768690856","-0.003785117515351266","-0.011753367232197776","-0.02395830058921322","#N/A","#N/A","#N/A","0.020023453229114363"
"2007/06/30","-0.014620990912910026","-0.00320891944676438","0.01482191673638078","-0.0031845761466302875","0.036783121934030216","0.004750503439806764","-0.004676672424263617","-0.010134570259877407","-0.005090755040755185","-0.022189124678468876","-0.008099347808096735","-0.09007788362933655","0.03131070125337798","-0.01799055195045951","#N/A","#N/A","#N/A","0.01158113890849588"
"2007/07/31","-0.03131047239151319","-0.022904591522673323","-0.04912415967385031","-0.015549231536277216","0.007141003188606554","0.009041543392871665","0.02256792767909155","0.033190730233855215","0.005555260321224437","-0.01138540683734233","-0.008241999824749047","-0.08259342468623943","0.047775916665252716","0.023288324130225524","#N/A","#N/A","#N/A","-0.03848656505539183"
"2007/08/31","0.012833164250003248","-0.006335010280036357","-0.03926606197531035","-0.0030404085765859696","0.01041001683808318","0.010487899280638757","0.022630374803674913","0.017875993938465173","0.010812186014935605","0.011719423588299712","0.02386215445619433","0.06744530381519453","-0.03189582140704916","0.011075702220660455","#N/A","#N/A","#N/A","-0.022377989924457276"
"2007/09/30","0.038714377826636115","0.05317491033181643","0.017497106745762547","0.05337571743929345","0.11571476348673171","0.005518559099513043","0.0008832512002505677","0.0022819449642828005","-0.0004034693011912893","0.02436588098918082","0.007332968468686918","0.03917282408064926","0.09443155078689869","0.10489193849687961","#N/A","#N/A","#N/A","-0.008896940564596334"
"2007/10/31","0.01356667300580372","0.042498645407014646","-0.002954855086543695","0.038765388644458526","0.11870136278848609","0.004781205657276466","0.010769746920619605","0.01816222748410512","0.004688163431278864","0.026636800972887363","0.009648170359343622","0.020990625453380707","0.05999580116409331","0.06749969076497941","#N/A","#N/A","#N/A","0.0056649951018008515"
"2007/11/30","-0.03873288421129639","-0.03623623393521491","-0.0628598030830455","-0.04448661706289195","-0.07649960827636082","0.017927451373023207","0.04047598258541818","0.05351200365662101","0.006847765264824996","-0.003996880737313615","0.010194060540341443","-0.09470968393264845","-0.004599990844726509","-0.01412214492998043","#N/A","#N/A","#N/A","-0.0314585082989749"
"2007/12/31","-0.011260392008614395","-0.029813212393662414","-0.02294670495677764","-0.011342616033755222","-0.014067120704531866","0.002996425026691396","0.000505170746740724","-0.006276971785213914","0.0018024343783858922","0.006198181248618171","-0.008033398828825034","-0.05412983404841831","0.059674526690502105","0.06400823440967418","#N/A","#N/A","#N/A","-0.0009842574109606428"
"2008/01/31","-0.0604610284698186","-0.07847147226753148","-0.11147689523541626","-0.0821226666666666","-0.08922131574192316","0.016547736448550232","0.03355940994102524","0.02095795404659828","0.004624853474742058","0.009471859093757251","0.02565814975539782","-0.0078095138115003015","-0.004550657391518165","0.10976346216284094","#N/A","#N/A","#N/A","-0.04835648904083445"
"2008/02/29","-0.025842652978095182","-0.010228945008323942","0.0010092690258767245","0.00252156698731351","0.019943615200406883","0.010331507447343569","0.0123932551319057","-0.004552299363454804","0.004950347246336468","-0.004064955741317933","-0.007062643997528317","-0.03181362219149042","0.11257142566499256","0.05311476298326023","#N/A","#N/A","#N/A","-0.023350395012225245"
"2008/03/31","-0.008942370844033931","0.004189982297996275","-0.07133606258575553","-0.014933704064136551","-0.03753080984132984","0.0025350648689521638","0.013373173349153777","0.021387576991618085","0.003923464169718666","0.0009290247717665956","-0.005972348341902967","0.06485254013511343","-0.009416182819677155","-0.059049326420480885","#N/A","#N/A","#N/A","-0.037775834015190135"
"2008/04/30","0.04766231028121659","0.05438077286713683","0.10400805272242741","0.05553580246913567","0.0913827478104201","-0.008374672978293973","-0.024175364609616334","-0.02486226831702365","-0.016190688990604614","0.011616818997745915","0.012447195608650041","0.06379243322215222","0.08192184261611479","-0.046101268701276954","#N/A","#N/A","#N/A","0.04099151108546839"
"2008/05/31","0.015116945404354265","0.011871808138125273","0.03472194734449929","0.015368773664751171","0.03163770648379627","-0.0034611499824068748","-0.01777415752455136","-0.026882580551279456","-0.00792043514761443","0.0010468215740193632","-0.022051459924632755","-0.002109220478937246","0.08466458755504336","0.011330740068456358","#N/A","#N/A","#N/A","0.014979355941790118"
"2008/06/30","-0.08357647151255954","-0.08786803693278034","-0.058475401272675476","-0.07987354729751783","-0.09269520997503433","0.0024541206480444","0.011459507485346077","0.026536293012506373","0.010632931988858835","-0.019811772822929785","-0.012917596756349403","-0.10615405418905255","0.10324008805152562","0.042986214188694305","#N/A","#N/A","#N/A","0.005876803285137733"
"2008/07/31","-0.008985495953070965","-0.03320230468393337","-0.0073596321444857615","-0.03156605475494323","-0.055039854046270986","0.004343157430785283","0.007205940272793754","-0.0036731784492430863","0.003298915091048621","0.007878928664465823","0.0039023222971497074","0.031153503067864907","-0.13322657681275263","-0.012167056809321286","#N/A","#N/A","#N/A","0.015925318208363404"
"2008/08/31","0.015453712588659352","-0.042476136341613735","-0.022528406624931052","-0.016715404530277533","-0.06315789131269234","0.0046636028692337295","0.015266331113502618","0.027392955916140105","0.009267849940894352","0.007153790036128038","0.0014464125281286044","0.02373835326075091","-0.07484984733573385","-0.09043503400665853","#N/A","#N/A","#N/A","0.009090097199946356"
"2008/09/30","-0.0941734191389042","-0.1143624811434728","-0.13233527400425094","-0.12260965187712058","-0.14681617306319572","0.007779189377034035","-0.0014025637905177302","0.014758630620051116","-0.0025990871512229286","-0.07145092469913361","-0.1073043494141317","-0.001237309434216849","-0.10437823355447617","0.04269859713185653","#N/A","#N/A","#N/A","-0.02500230901565248"
"2008/10/31","-0.16518667506317886","-0.2083481482813404","-0.23652162770263074","-0.1840637452800986","-0.2557802200235101","0.011047969413285008","-0.008629964972572846","-0.018606321987821417","0.005130273518441858","-0.19393703814911822","-0.01941023107329387","-0.31726935201953843","-0.2966542622825631","-0.16251315667763389","#N/A","#N/A","#N/A","-0.07193360304865049"
"2008/11/30","-0.06960684907220849","-0.0637197630500167","-0.0077747922656855595","-0.08756331394713668","-0.09752240953203095","0.011051709555516709","0.07753822892959006","0.14341333777782928","0.0033170033670034626","0.0956859638846641","0.03353777021894078","-0.22717444321285452","-0.14878438280688533","0.1223806098479463","#N/A","#N/A","#N/A","-0.029865932227665315"
"2008/12/31","0.009796738847811293","0.08868417267571993","0.041697545662194635","0.05465198815042904","0.10333539130794667","0.005630755844897806","0.051561521910503894","0.1365235659012658","0.017892747568826077","0.17703793690112613","0.1381441432949959","0.16710938837352796","-0.11176648793686339","0.07866566321552271","#N/A","#N/A","#N/A","-0.05078532433634653"
"2009/01/31","-0.08211435668034606","-0.13731607759575892","-0.09668723282456226","-0.1138185970728478","-0.09291142552327036","-0.004370488517050353","-0.03887069803497589","-0.13070817071097174","-0.006037621097954698","-0.0696319457022202","-0.018003038945865524","-0.17530901032228863","-0.10346036101622147","0.054234859623020215","#N/A","#N/A","#N/A","-0.00827357956288488"
"2009/02/28","-0.1074491424359918","-0.10387602557337494","-0.048088706285499105","-0.09711120304658472","-0.06269344624905138","-0.0014504380202059464","-0.0073488061128316184","-0.015319391801145943","0.002420389170896814","-0.056058705880424275","-0.05203961963739068","-0.20525590869544552","-0.06120856601066016","0.01422943509200092","#N/A","#N/A","#N/A","0.08587320455696346"
"2009/03/31","0.08331059902762172","0.08391008768748942","0.08031065647364888","0.09213633019317657","0.16862953216716114","0.0049944493602980256","0.03313580049884668","0.04047440432665694","-0.0031556948992337353","0.05108558648719885","0.004718733949282017","0.03641452931573275","0.04568107910942354","-0.02449819140488907","#N/A","#N/A","#N/A","0.013829117354418052"
"2009/04/30","0.09934603034244827","0.11519004215839024","0.08992813335508676","0.12777957138054652","0.15558232493981583","-0.0016511946799346866","-0.027451385808280326","-0.06952079093038688","-0.002826743083539257","0.07727457627538725","0.027766796707784147","0.30683672474831636","-0.015488458495700352","-0.03374260055677958","#N/A","#N/A","#N/A","-0.0028291277745109422"
"2009/05/31","0.05845307558603796","0.13191790336984788","0.07040713236057194","0.10485122401582103","0.15940004123066354","0.0005603683446953056","-0.02077350936279665","-0.03694967783391545","-0.0027326038235594486","0.028997577559786825","0.023169028081801324","0.026158013400100266","0.21500603980888044","0.10235860228080362","#N/A","#N/A","#N/A","-0.03303274957527724"
"2009/06/30","-0.0006543892177899302","-0.014048952308763019","0.04624861056662066","-0.015177403128931455","-0.022494699725363443","-0.0009425970112553195","-0.005571426422549153","0.007510255836503221","0.008802570650323522","0.009593891330841986","0.0289127351965226","-0.031970063943879135","-0.0023240903128286527","-0.05224348211959762","#N/A","#N/A","#N/A","0.009441485630107715"
"2009/07/31","0.07460598629048576","0.10041419090993875","0.022593273963736227","0.0942302362806422","0.11014594632054098","0.0011002414927818727","0.00831663805985361","0.005760624301618389","-0.002007475531555786","0.031119291648395997","0.046326802368954034","0.10770768722154878","0.007321172255864816","0.024657576051476893","#N/A","#N/A","#N/A","-0.017554077810778557"
"2009/08/31","0.036939385306785644","0.04503097293777181","0.00960629517436562","0.02967643511913498","-0.013136019818841826","0.004090520961617328","0.007634598871962162","0.022308874306053328","0.006273549303394849","0.024356859510448414","0.013100882798459779","0.1432309360586701","0.004294653412641791","-0.0005347715761410132","#N/A","#N/A","#N/A","-0.018702416044816705"
"2009/09/30","0.03545696205614002","0.037965333451288386","-0.030447172700967085","0.048636331312367","0.10195386220916358","0.002364107063872467","0.011243730832082521","0.024581412145151527","0.0028734853321684627","0.05212693920308875","0.017589295791429427","0.06592759167609707","-0.023684188236489878","0.05864091667846205","#N/A","#N/A","#N/A","-0.03230321859886465"
"2009/10/31","-0.019224747411418996","-0.025237571250587232","-0.009813750737144078","-0.02699406100853552","-0.034438177371261314","0.0013590124064000175","-0.0013791885883202015","-0.02616096271514834","-0.004573219191851391","-0.005324004244390057","-0.004971553334309098","-0.044631919438981704","0.048180602778713943","0.03780456510502361","#N/A","#N/A","#N/A","0.0024479090306577245"
"2009/11/30","0.06160646719412477","0.0392120134397318","-0.06640241762613164","0.053972640337757394","0.07852009838455642","0.00596425128335154","0.020170855557338996","0.01212990575250461","0.008431707111843928","0.007955456987364551","0.01952566888640872","0.06565685353242867","0.01285758954299654","0.12730107479938657","#N/A","#N/A","#N/A","-0.04262400370723041"
"2009/12/31","0.01910089793245273","0.0070957473855102204","0.1295115961548916","0.018740151784545356","0.03275862589879508","-0.008408277733368719","-0.04402747072933033","-0.06345765052256935","0.0009512348563228634","0.0023720488320220223","-0.02067363778287712","0.07386733631606712","0.009838129599829104","-0.0723172513614001","#N/A","#N/A","#N/A","0.07721743376358692"
"2010/01/31","-0.03634222914884322","-0.050650876561617486","-0.03571418030053042","-0.052967739446334594","-0.07759053344913847","0.007957105724072377","0.023702108594636284","0.02692248466797964","-0.000316728903410729","-0.0054031173890336515","0.012481572049863887","-0.05520811861845498","-0.08108107946103194","-0.012573365281762006","#N/A","#N/A","#N/A","-0.02841466919583835"
"2010/02/28","0.031194590527697574","0.002667621577649326","-0.004873074957035484","0.021722621940930997","0.01776370549699946","0.001603633270594873","0.0033185437096845405","-0.003424572831461581","0.0009505002501249915","0.013289006737960296","0.005066682169517112","0.055831564963354285","0.05916551148352389","0.03244669449131199","#N/A","#N/A","#N/A","-0.014944046456227711"
"2010/03/31","0.06087933704532955","0.06385389153561771","0.10284031401069904","0.06329418733981185","0.08110871133400588","-0.0026918288752632025","-0.010569068397439874","-0.02057354804033562","-0.0021156338497417882","0.02609384954581584","0.006518551044384591","0.10186811626605752","0.006134986705527146","-0.0039283958398332874","#N/A","#N/A","#N/A","0.051720056528271385"
"2010/04/30","0.015470454168171166","-0.028045674383996744","-0.002664521233087913","-0.002298005634529532","-0.001662123247953673","0.0030014825419832913","0.016527747484985422","0.0332181201797932","0.008396566287183322","0.005097848179778763","0.01907891776453008","0.07150184970319784","0.03145056312693528","0.05860771770330242","#N/A","#N/A","#N/A","0.0033148545671088936"
"2010/05/31","-0.07945442245535661","-0.11192787003503812","-0.11576125548896743","-0.09375728083188584","-0.0939352663061297","0.004528995199995611","0.029332541830268344","0.05108381166832654","0.0027971164669270353","-0.01819363667084195","-0.013083034372059599","-0.053346508837448736","-0.13596761091701337","0.03006412472493669","#N/A","#N/A","#N/A","-0.028135983567408207"
"2010/06/30","-0.0517411605646757","-0.020619597459931915","-0.03726076342955231","-0.03558194071903409","-0.013986823617784916","0.004190273064217598","0.03048215661444642","0.05797780345882941","0.01186733791099936","0.02394265376915161","0.03278531293974085","-0.052122799798428265","0.0007202181286993792","0.023635304800377233","#N/A","#N/A","#N/A","-0.030266499203176367"
"2010/07/31","0.06830054617920589","0.11610438107172216","0.0010459652350645054","0.09335071377381454","0.10932489577837146","0.0019393219049517185","0.009096981353763356","-0.009463323544323776","0.00350593253515174","0.040528955252016496","0.021107649137641626","0.09593472855886431","0.05757461034220812","-0.05012322537823721","#N/A","#N/A","#N/A","-0.02250365098837459"
"2010/08/31","-0.04498045973962039","-0.03795048337969109","-0.07732509653094433","-0.042811559886696826","-0.03236704698958959","0.002388992245528465","0.033559489953628674","0.0839094418870403","0.006841619530589699","0.02588322391319009","0.02855361431572989","-0.012757533673379284","-0.054780494604909524","0.05709341033345683","#N/A","#N/A","#N/A","-0.022073168751187144"
"2010/09/30","0.08955461569409584","0.09971960066247543","0.07248049250837774","0.0980940255221272","0.11757391280262297","0.001186425519422718","-0.000030092715325280572","-0.025203513321487625","0.00046656227803964503","0.016101957508124487","0.004564841377250772","0.04470703818114696","0.08027355965143435","0.047463167842227705","#N/A","#N/A","#N/A","-0.009061643653871077"
"2010/10/31","0.03820193624396717","0.03805530756512421","-0.020063419389507064","0.037491425449175386","0.03015371094966013","0.002194820475954984","-0.00007121054621572753","-0.04469272171235561","-0.003986753791545566","0.019438896192865096","-0.002626927947050328","0.04742693868747061","0.028990300741399855","0.03749996367842012","#N/A","#N/A","#N/A","-0.024914619472489186"
"2010/11/30","0","-0.04823735111317673","0.08189628691710715","-0.021860387900679457","-0.02905437485508","-0.0020498483295309233","-0.008981435874415356","-0.01689305072825742","-0.011615375145782042","-0.044252735224595385","-0.016153190372505843","-0.018514966112340492","0.012305734405525293","0.021084389478587928","#N/A","#N/A","#N/A","0.031525813505351774"
"2010/12/31","0.06685235462409156","0.08308125269276756","0.026892641175117582","0.07792152648090145","0.07277776517555345","-0.0016369410013304941","-0.034309527271206286","-0.03699060450396163","0.006537788010881335","0.003732997766830559","-0.007520186469259893","0.04550699615991838","0.09085087090355537","0.025073686459604394","#N/A","#N/A","#N/A","-0.03292418779101247"
"2011/01/31","0.02330025788110368","0.02095506889124099","0.002909805518566788","0.01068151012055707","-0.038413132597245436","0.0013089896627944686","-0.00021252956839223902","-0.03081231497145942","-0.006171385777546173","-0.01036560270621456","0.0003689394523869183","0.032508393993457396","0.031085085651703537","-0.06402873482542892","#N/A","#N/A","#N/A","0.0074741470935595355"
"2011/02/28","0.034737343808410426","0.03549764459527993","0.03675024902286195","0.031071565760383724","-0.0004363149074995132","-0.0012135737205605235","-0.00208415425207098","0.016501727991363957","-0.0012949220285676298","-0.000615786691791298","0.010800229192023947","0.04705275083624505","0.02645052073981269","0.059953860049872576","#N/A","#N/A","#N/A","-0.005688889582844858"
"2011/03/31","0.00012017418009424574","-0.023883035491639948","-0.0755595625403237","-0.008610321799830012","0.06289554670497077","-0.0012997950460112984","-0.0015464350193061804","0.00029333298965084076","0.001229275733123253","0.015523843706807039","-0.005405630453913068","-0.01610680208567339","0.034912671549070406","0.016678788727113147","#N/A","#N/A","#N/A","0.01872044114429139"
"2011/04/30","0.028961365473547884","0.05625857020420222","0.013117922106414603","0.04818047619057886","0.027327081232852768","0.005342086106471244","0.018412739307503756","0.0233914063691798","0.003291523341523267","0.01706595819390211","0.025044480362715005","0.057465363556105764","0.042570286948995895","0.08915834231002506","#N/A","#N/A","#N/A","-0.0194828949711785"
"2011/05/31","-0.011214179981427042","-0.02206129940576318","-0.015935767282540758","-0.01953055258822145","-0.02939992600341912","0.003638957997867509","0.02505607157541001","0.0342283834841457","0.004945592124596105","0.014477473408659014","0.012695425582229802","0.013747447347457253","-0.06856698158982366","-0.018336652144836596","#N/A","#N/A","#N/A","-0.007972544285674177"
"2011/06/30","-0.016869611405459728","-0.012107486043304583","0.013157565774533753","-0.017609888103092608","-0.009354924890810468","-0.000046266467044753234","-0.005044132420189973","-0.023230817942106685","0.0035887264457440337","0.006222351637749757","-0.0079723199733579","-0.03299268897993113","-0.05955334491730768","-0.023348861450269487","#N/A","#N/A","#N/A","-0.002101856759622045"
"2011/07/31","-0.02000488965822189","-0.023777806532504053","-0.010989046128376034","-0.022798385687247458","-0.010294446923093559","0.0028606763330829565","0.03169542360540545","0.04414576962442185","0.003381309076783684","0.019729602983060257","0.024302206844739827","0.015640492181666632","0.031662210408453406","0.08401636020434422","#N/A","#N/A","#N/A","-0.0369222619420444"
"2011/08/31","-0.05497597430606682","-0.0875487472639076","-0.08888881026150763","-0.07359490990851625","-0.09254940590246485","0.0034471786771514967","0.04651352764697125","0.09667527692299527","0.0031437544357700796","0.005153283328790614","0.0034027860981340474","-0.056192286326364305","-0.017050255684457394","0.12287333480320561","#N/A","#N/A","#N/A","-0.0132382209387365"
"2011/09/30","-0.06942055122014734","-0.1080830603556","-0.024390320656427433","-0.10439564459753503","-0.17894710210138942","-0.0010170679655300274","0.022370595558279582","0.13206064332863532","0.0046771440975011905","-0.04789810328103061","0.0035114663063708917","-0.10841955717984153","-0.12720438274415802","-0.11167226740728597","#N/A","#N/A","#N/A","0.0008344479697470764"
"2011/10/31","0.1091472613831086","0.09627427925527243","0.03181828445048329","0.1132412748409295","0.16267798302561154","0.0003445068892309333","-0.012864734206454065","-0.03829249179664973","-0.0017143195493534212","0.05153849613707595","0.025095680225199368","0.14291341437006055","0.10268301843759775","0.05938095632267992","#N/A","#N/A","#N/A","-0.013352459246122605"
"2011/11/30","-0.004063802648860415","-0.021763680605675018","-0.061674068584520625","-0.011480696067910912","-0.019602860139537714","0.0004487586214634298","0.00579812318099826","0.019891251256342724","-0.00030647601949230217","-0.012868824816106184","-0.031566569575356085","-0.03801129024371608","0.015019524969937414","0.01729272512001967","#N/A","#N/A","#N/A","0.029310817049350124"
"2011/12/31","0.010448574393859156","-0.021749395168086716","0.005868563320550635","-0.0095035120373409","-0.042648402445177425","0.0005210514410300959","0.01987646754847816","0.03444868219355035","0.00652388404309911","0.019121254751096828","0.0348821563896442","0.04850327572958535","-0.023971629220015833","-0.10726846312975347","#N/A","#N/A","#N/A","-0.003860986479941597"
"2012/01/31","0.04637471935434134","0.05269517048328787","0.04434072312498771","0.05477868257036311","0.1099105957102704","0.0008277007004378056","0.008620660460781915","-0.003299041319457352","0.001288048360890909","0.011388748238328583","0.021448577493161203","0.06379267357555496","0.023953939554050452","0.11490479662503228","#N/A","#N/A","#N/A","-0.0167269219131303"
"2012/02/29","0.04340476540314908","0.04833144683302981","0.10055864074589449","0.04946019367448007","0.0527190213013875","-0.0014067532754297174","-0.01099832741917628","-0.025971172717943136","0.0008726559765835862","0.024709668650992667","0.016329234066326137","-0.011506928103129366","0.062185325604231956","-0.02944640833212575","#N/A","#N/A","#N/A","0.053954985773317476"
"2012/03/31","0.03216357651774682","0.004207899289611072","0.047715765545865096","0.011139794068066422","-0.031130120634950464","-0.0007705223216986079","-0.01591269803627493","-0.042358975520190634","0.0005221551176094408","-0.0012143373592752305","-0.014211714400442776","0.052001669456553934","-0.03038751561319375","-0.01274266324671025","#N/A","#N/A","#N/A","0.022278817007823193"
"2012/04/30","-0.006675486012427179","-0.02076896269344275","-0.05523255711881492","-0.011440662451801309","-0.016996575887010312","0.0020166702641521983","0.025091088445665655","0.04834334046225752","0.0055094383378867465","0.017868461848407513","0.010821008859177361","0.028593731336647776","-0.0034502281798870493","-0.0024585688015918983","#N/A","#N/A","#N/A","-0.0233734528830446"
"2012/05/31","-0.060055595405376416","-0.11144158300395102","-0.10358982306676312","-0.09279883184436832","-0.10705854584893448","0.0005691971672512341","0.028695659834281795","0.09025305364057412","0.005889405427605849","-0.027706600365912548","0.007572503387194507","-0.045058777556293506","-0.1278130503369448","-0.0628465516240434","#N/A","#N/A","#N/A","-0.01702546660608728"
"2012/06/30","0.04058155690394183","0.07043294678555378","0.05606411710624459","0.05072257071931907","0.05035423117253668","-0.0009710762211159185","-0.00414251355082651","-0.016782345895578032","-0.0008037451713199861","0.04064804720326798","0.008714791472817174","0.055170583398764794","0.006946774561735758","0.02301120187981054","#N/A","#N/A","#N/A","0.004190844398395788"
"2012/07/31","0.01182899654567282","0.000800673161541976","-0.047670661196094866","0.008206367952642069","-0.0002558678623842958","0.0022054942000233613","0.014010878798864423","0.038173101541146615","0.00416158500172858","0.037428285415132434","0.03482997367064633","0.02002111990936295","0.05880417137890581","0.01028276626589264","#N/A","#N/A","#N/A","-0.015281297657861681"
"2012/08/31","0.02505291138290433","0.032000034166736135","0.01706483281556448","0.02780900939328257","0.004090258677700964","0.00007092283482634798","-0.0011730705462196234","-0.013188908262159904","-0.0016774920972738637","0.01233616876999899","-0.0005380655487274844","-0.00015010886413968638","0.07167239857586205","0.048346009052019134","#N/A","#N/A","#N/A","0.005492898501824772"
"2012/09/30","0.02535063071944821","0.027131657224001904","0.006711431158583192","0.027056481753701123","0.05218946063681784","0.0001650984571763825","-0.003482323509122809","-0.02532801455090261","0.002583311389071746","0.017854471151137252","0.011001054745213734","-0.01863138726344371","-0.02142448346416026","0.04793695008926813","#N/A","#N/A","#N/A","-0.011715244915906586"
"2012/10/31","-0.018198033452011764","0.010943244185033452","0.008888984624502605","-0.005140263056973571","-0.004355104013008981","-0.0006865923341926594","-0.003960609871886178","-0.004839798720467914","-0.0007065988181220783","0.006205709743947407","0.01346154122067289","-0.009081389217028168","-0.040236705356500924","-0.02953099104595369","#N/A","#N/A","#N/A","0.026723327937739683"
"2012/11/30","0.005659440005215011","0.027809512032602512","0.06057247750308514","0.015931629512566214","0.015552533319278528","0.00023693033197469404","0.009791922605751013","0.011591654257185224","0.002922279582003523","0.00896254861281287","-0.007234492175416829","-0.002640147165310802","0.01602960788461738","-0.00477326507240694","#N/A","#N/A","#N/A","0.030959827910636006"
"2012/12/31","0.008934807977741599","0.04381112337635318","0.10384231693086265","0.029040827025368143","0.0680359117099889","0.0002494126152177145","-0.009403148983655019","-0.024876300132031903","-0.0034501934054963546","0.007144534765488375","-0.0033052850948448453","0.03722704230717788","-0.005157711579712898","-0.023980792039083765","#N/A","#N/A","#N/A","0.046365814933853944"
"2013/01/31","0.05118993500543123","0.037284477197532695","0.06585134631941703","0.0376456367052076","-0.0029309878966612413","0.00011812524618837195","-0.012931535195354282","-0.031854204507214656","0.002704476023538288","-0.028504015230097046","-0.012976895625620877","0.03738589693064487","0.04574565288559329","-0.004914000020385667","#N/A","#N/A","#N/A","0.05887627608858437"
"2013/02/28","0.01275924637801995","-0.012885651206692272","0.03706984494903409","-0.0010020885993212714","-0.022840562087815597","0.0006037677728703006","0.01132464291085511","0.012387226599585022","0.00931446497690091","0.0026427391748995444","0.010760827688117924","0.01215921966247846","-0.05103528589314088","-0.05123461964762088","#N/A","#N/A","#N/A","0.014084635723898176"
"2013/03/31","0.03797088737071719","0.013053858676498997","0.0800000411192876","0.018258464565277466","-0.010182414516111238","0.00033222737578397776","0.002868807843583454","-0.004194444449688861","0.013062320633349883","-0.009365626099166802","-0.0004676243627274035","0.028721930944135332","0.011063325145137748","0.009759308609073036","#N/A","#N/A","#N/A","0.02044355014353627"
"2013/04/30","0.01921244560741453","0.05018671974054656","0.11977924273694907","0.028374168883207096","0.01215806726172497","0.0006869091850554288","0.01525202948650839","0.046849305588800405","-0.005513980463980555","0.035668591312916664","0.02173497757222509","0.067346919877173","-0.0489361864948592","-0.07538660063045732","#N/A","#N/A","#N/A","0.03900622015553301"
"2013/05/31","0.023610248773545894","-0.03019073893953883","-0.0077410517915796895","-0.0038318982395876278","-0.04827921007943692","-0.0013379277721924376","-0.03104967068130038","-0.06760908558777845","-0.013155797857646983","-0.049252576075060395","-0.032175937628139195","-0.059776887322909866","-0.01534041021222099","-0.06202092819955729","#N/A","#N/A","#N/A","0.03306629724422194"
"2013/06/30","-0.013345184560850876","-0.02677912362152024","-0.006383084620160129","-0.02601713989955845","-0.05325790166088962","-0.0009835677693206257","-0.025462442166069632","-0.03271396188592968","-0.00011220065932716067","-0.0444072949735127","-0.032674905444611935","-0.01981906017369439","-0.0003245773792658335","-0.10921250095562274","#N/A","#N/A","#N/A","-0.02595450631968188"
"2013/07/31","0.051677098665327215","0.053228512050391696","0.0022004784788411946","0.045799847825097384","0.013246991633088623","0.0016264676938702038","-0.00352651105367241","-0.022578768551657857","0.002718101517790722","0.0015580227831459847","0.011060508806547409","0.009022339655281542","0.056493562388570284","0.07256045889631801","#N/A","#N/A","#N/A","-0.004671179720604712"
"2013/08/31","-0.029992228885277528","-0.019552647370134846","-0.01948046361934297","-0.022948793037154136","-0.02537807130724945","-0.000971656137289445","-0.014224786080657248","-0.013404664076494655","0.004974658044105124","-0.024309316080122878","-0.009983467914603694","-0.06980113358057516","0.031038669118514273","0.052099540760568","#N/A","#N/A","#N/A","0.0028158767938701867"
"2013/09/30","0.03164634793836263","0.07824902495231267","0.08462117109829559","0.05539221256618565","0.07206692822742555","0.0022307832505272795","0.018461516196390138","0.006518673233894878","0.005721070579884574","0.0315137829848775","0.007418500375003134","0.03481879426734169","-0.03487326961405379","-0.047302247027309674","#N/A","#N/A","#N/A","-0.004730764851227476"
"2013/10/31","0.04630673928306628","0.03260190435696564","-0.008819631688647411","0.039502999924329485","0.041707980791984234","0.0006861671077178499","0.0077781781708856634","0.014303400627835527","0.006547115679656485","0.02535075123618369","0.018082327080289895","0.045207100224662566","-0.014515170018506773","-0.0031031777182028986","#N/A","#N/A","#N/A","0.006951049107026153"
"2013/11/30","0.029637924639039692","0.005464424251386157","0.09171789127073326","0.015522058028383467","-0.0025906365819161614","0.0009355423798220741","-0.008763754279252578","-0.027032581206717143","0.0009559442158207865","-0.02022308591051325","-0.0013936422611944277","-0.052509610833571974","-0.004700708845112644","-0.05603114752176053","#N/A","#N/A","#N/A","0.038423623573075494"
"2013/12/31","0.02592622852044557","0.021761629581699138","0.04200648504280857","0.020692063242018888","-0.004066414100290405","-0.0017746204971367252","-0.02090583782881661","-0.01869681709982718","-0.00571416955965654","0.002862565321844146","0.0021487695548376706","0.0010183590413939125","0.013538992277340123","-0.03709808780046142","#N/A","#N/A","#N/A","0.025828005080992478"
"2014/01/31","-0.03524863205726836","-0.05201191790800519","-0.08543941804303334","-0.0463377889279285","-0.0863636420809355","0.0020144214364370416","0.03063219632697267","0.06302805557620705","0.00870903466862682","-0.00813547851727725","0.018828186812103853","0.042751033137745864","-0.022056511797535427","0.033390357830351824","#N/A","#N/A","#N/A","-0.02073679562661057"
"2014/02/28","0.045516254677488766","0.06131107115747403","-0.003289321960242342","0.05204708471858299","0.03377897861233059","0.00039058071806574723","0.0035752552310717167","0.005241186629010297","0.0023788056348291674","0.03444647690093339","0.011449212791772911","0.05065375548765583","0.04796703170864136","0.06462309083404394","#N/A","#N/A","#N/A","-0.006306103701048449"
"2014/03/31","0.008295927471292819","-0.004591831074915453","0.003960559052381019","0.005708311409698963","0.03875333365675071","-0.0010876455716637423","-0.005610664644998042","0.007320935318010147","-0.0028060724453329356","0.011906966483098635","-0.0002909418714331924","0.0049693453070729365","-0.0006062581614455498","-0.03190667618015519","#N/A","#N/A","#N/A","0.007629020898608285"
"2014/04/30","0.006950710666189686","0.016666729955503445","-0.0348456968704306","0.011868127592371547","0.00780289617953378","0.0010775757774921235","0.007582948666500444","0.020952251286102674","0.0014988808576546998","0.010586386250200253","0.01329308022898279","0.03285166426871111","0.010009038645415691","0.004823185019339871","#N/A","#N/A","#N/A","-0.0031587142302381688"
"2014/05/31","0.0232064551672313","0.01595455091322262","0.023841834267401163","0.020057493944887206","0.02951869495135484","0.0017858947590183583","0.01825416203088892","0.029495960942002908","0.0032552337922252482","0.034674141500611544","0.015143238698664074","0.023992332853348453","-0.005105050235440167","-0.02959999084472653","#N/A","#N/A","#N/A","-0.008229025246761057"
"2014/06/30","0.02064515499621966","0.009207281683213608","0.036593458436584125","0.018182115089592443","0.02401792306441286","-0.0007912561648909522","-0.0021682179123965195","-0.002514031435589592","0.003123451808867522","0.0004341061118720013","0.00006721296472145255","0.011341247762275186","0.023845369011786133","0.06183017254114587","#N/A","#N/A","#N/A","-0.002723165787671178"
"2014/07/31","-0.013438039937036073","-0.026034726960058596","0.030458122320285774","-0.0144371982991085","0.01364782945959142","-0.0007679611720269319","-0.00220441257593762","0.006641946971758461","0.001576898047722314","-0.0025159158560380535","-0.0031946152946155104","0.000801574024053453","-0.056603722658898126","-0.035714288358679847","#N/A","#N/A","#N/A","0.013771236393903097"
"2014/08/31","0.03946370610392247","0.0018019102150932387","-0.011356473811688028","0.025761861686542487","0.028297910211541044","0.0018579881576998858","0.0188025679722561","0.04723760443760017","0.0038602448414847223","0.012698643870885151","0.020040576713720615","0.030440559894202357","-0.015625","0.003220608825065474","#N/A","#N/A","#N/A","0.008323637087701785"
"2014/09/30","-0.013796025705877457","-0.03882458377621667","0.05360567397623428","-0.03315826544986833","-0.07767450942171383","-0.0007324606853493787","-0.010494892494574137","-0.021123511853990418","0.0007290028763183798","-0.021588431840543043","-0.016816094674922732","-0.060405382276665476","-0.060634915790860666","-0.060995202773278745","#N/A","#N/A","#N/A","0.05491051044458062"
"2014/10/31","0.023550777201827744","-0.0026516524019949417","0.013325272836734792","0.01205414524257642","0.014196538668406866","0.002604055568154573","0.015362973604905461","0.02818558490287071","0.005129330579007324","0.019739544836919753","0.012342608146824086","0.09937365284124167","-0.05947956133173282","-0.02991448149582432","-0.12565897341518484","#N/A","#N/A","-0.0016180816721144131"
"2014/11/30","0.027472061723217367","0.0006256865936697942","0.06455465713665132","0.013756136011507047","-0.015421496829813197","0.0010517941135137487","0.01288645228539087","0.029674189550700225","0.007425800446760994","-0.004155811488434136","0.009116941863209105","0.020002501725294275","-0.10097015715579571","-0.00528638040529561","0.11742097290634956","#N/A","#N/A","0.07899241943598656"
"2014/12/31","-0.0025368279513361403","-0.03992760450534183","0.0022458718060602845","-0.023576599421237243","-0.03963534398956414","-0.0029264479664531384","0.001293976387748863","0.03251392459436553","0.012129979897120497","-0.027176470268256092","-0.00017199260807565508","0.019039181527835014","-0.13749002682332845","0.01328606014500422","-0.15303389354919228","#N/A","#N/A","0.013730515067018834"
"2015/01/31","-0.02962883143013806","0.006245695822177932","0.011764735364016454","-0.013162410964690952","-0.006871864880705569","0.0062752939692962695","0.043023147498004066","0.09815790617500086","0.00006682925404521427","0.01868599206696997","0.0375175106065897","0.06851843007049352","-0.08711766299412194","0.08653852806866191","-0.32083459301317074","#N/A","#N/A","-0.010129075345460037"
"2015/02/28","0.05620405262593953","0.06337799644595132","0.06423039685805865","0.05508400362576005","0.044080090941804206","-0.0029073688946981147","-0.024717373690005928","-0.06138394937926761","-0.006825305180772184","0.009597642195760647","-0.014203867016426286","-0.036741560655148775","0.05939086451686859","-0.05792439656892079","0.16921879119020078","#N/A","#N/A","0.009547711523619329"
"2015/03/31","-0.015705113018460448","-0.014285793121216472","0.030697200751013343","-0.014611788091505429","-0.014972846039883136","0.00249241240385234","0.008560626118089498","0.010922425235579292","0.001273140252866839","0.00023177556749853778","0.0019512003915216347","0.017318956149365405","-0.06564450331300142","-0.02220326456318089","-0.03948274599751067","#N/A","#N/A","0.005327672774212866"
"2015/04/30","0.009833545550245848","0.03646588542752505","0.014639231052349766","0.02865734447358048","0.06852704141554367","0.00031731567667714344","-0.0063301758497998906","-0.03425174724601043","0.0033562545881661242","0.012332187761588065","-0.011871921450954503","-0.058474664506592666","0.1092307261931591","-0.0008733824496437448","-0.033080265589301217","#N/A","#N/A","-0.00869071903322649"
"2015/05/31","0.012856215743511479","0.001954534420694376","0.05323368895234615","0","-0.04104484899514549","0.00041276977214033117","-0.004162896993512355","-0.02372468400079719","-0.005698064147961706","-0.003087277182373116","-0.011203701765038376","-0.003023267239909311","-0.021729049079530105","0.006118938030257315","-0.02521756430715716","#N/A","#N/A","0.04076656656600175"
"2015/06/30","-0.020312255645065558","-0.031182258506668004","-0.015115564754651478","-0.025783572662655296","-0.029308435685649004","0.0003179757616205148","-0.016309819674239723","-0.040720314728371565","-0.0004031696980397792","-0.01814265359521361","-0.018830672460354525","-0.04668642518613919","-0.0023629129216020672","-0.01476977175616101","0.14284716180825696","#N/A","#N/A","-0.009287688004468442"
"2015/07/31","0.02258977137049012","0.02031795377686696","0.01508265447311552","0.008242357455625848","-0.06309947049112241","0.0004477877180932843","0.01518427561817548","0.04546007772881766","0.0032179738562089165","0.001480139337254771","0.008320046992104091","0.05770499574564725","-0.14163901869581086","-0.0670194196345224","0.08202318631636807","#N/A","#N/A","0.011420893433396806"
"2015/08/31","-0.0609502600631473","-0.07425120202374813","-0.08122295141560887","-0.06806825738959821","-0.08836198542015028","-0.0004944731488829568","0.000790667001871137","-0.006895384111482272","0.0017400636793144465","-0.011268727281343982","-0.008275035733506853","-0.06291155894393363","0.002759339665828753","0.037807147581732536","-0.19179341405669803","#N/A","#N/A","-0.022422626559180037"
"2015/09/30","-0.02551633663706354","-0.04418865425090368","-0.07592303581969262","-0.034371750938353096","-0.03132407977578622","0.0029499218591049203","0.015791878531151715","0.019669184295729947","0.003582315894311455","-0.010683421262404291","0.01189771047331667","0.030597564285750112","-0.05998900099125448","-0.01821491963599864","0.026097984008702113","#N/A","#N/A","-0.01178178431047927"
"2015/10/31","0.08505975632661933","0.06611996070119663","0.1001687244728573","0.07656664474407737","0.06375846963359644","-0.0014124643703807838","-0.006368985568796504","-0.004088522676268025","0.004503149261572687","0.02426089320769864","0.005736351577247056","0.05758576325938192","-0.0005854934968679837","0.022263518621287615","0.33087345741177954","#N/A","#N/A","0.009511091138355798"
"2015/11/30","0.0036551927789401084","-0.007527274462412414","0.034782697753249714","-0.005338361415473947","-0.025236553258935812","-0.0025827230678945323","-0.004277023149384385","-0.008676414804676402","-0.00028243651577653515","0.0030545297924509107","-0.0015417961216332987","-0.00625921232189508","-0.09138837105049213","-0.06715069818995734","0.2010244020379246","#N/A","#N/A","0.01512398207483212"
"2015/12/31","-0.017282404607031898","-0.02331916343862872","-0.03509657988440795","-0.021057562171306943","-0.03819832965037562","-0.0014905146028715288","-0.004530260954585752","-0.002971827312189368","0.007418759081662224","-0.015169444351629813","-0.010810493529372578","0.01831003237982798","-0.08252744472962437","-0.004863831909887817","0.14111583942323125","#N/A","#N/A","-0.01937641331379325"
"2016/01/31","-0.04978644187357284","-0.05517690882194959","-0.07684418328981013","-0.05302766487231769","-0.050326024032496974","0.006519104061361913","0.03333662946352245","0.05573053790661686","0.01500754752358146","0.00037862128793686445","0.0012281517282692889","-0.0343659432343808","-0.052705553346921175","0.053763461910637744","-0.1435316449945243","#N/A","#N/A","-0.012619316575985917"
"2016/02/29","-0.0008261019750768206","-0.03334543682617397","-0.08546053516428609","-0.012485725878615739","-0.008178266303685788","0.0011199335520151177","0.014859815742040983","0.03085950919525482","0.020126759782886798","0.01754246076237398","0.010517235076945575","-0.0036369243103124838","-0.020771494249230527","0.11224490427825562","0.1869201772263378","#N/A","#N/A","-0.04431175169884416"
"2016/03/31","0.06726598891545676","0.0658214691551835","0.05097074845784366","0.07394623232789832","0.1296175800109518","0.0013775370555362265","-0.0006614583650028649","-0.0009329590715628777","0.010980947937268332","0.03313265756943884","0.03614587764559252","0.10465440418236915","0.04469698190251248","-0.009174283467645816","-0.0479052575029868","#N/A","#N/A","-0.011384887435892499"
"2016/04/30","0.003941008712027072","0.022218440424012886","-0.005773679350829397","0.013378473102662714","0.00408753647976412","0.0003645573230133259","-0.0015614436038615676","-0.007364953908434169","0.011218769803003176","0.01554854878800338","0.015545428258250338","-0.023508646194578597","0.10369835454180998","0.050505001853162534","0.07580223349397341","#N/A","#N/A","-0.038178817596589254"
"2016/05/31","0.017011919218076876","-0.0008557583744849273","0.033681929877337646","0.003344718202783481","-0.03692939401795203","-0.0011887785151357688","-0.0009922772829884519","0.008054397462262441","0.004227462946817856","-0.0021582780818349967","-0.005124093055421941","0.02248554556563165","0.01314059170540216","-0.06089738005481793","0.1852881089554299","#N/A","#N/A","0.02558391420086359"
"2016/06/30","0.003475693330021956","-0.02419413397454684","-0.09269660147427605","-0.0004970566672346521","0.04559121266772337","0.006024980100657773","0.03087593231667185","0.06934137473398194","0.01470814546539711","0.04174151103685153","0.030942898231211657","0.06928464199334217","0.006485109012642765","0.0887371960885357","0.26713348191662334","#N/A","#N/A","-0.0727438699705234"
"2016/07/31","0.03647115957080649","0.039770785301565637","0.06171010721822445","0.0377022618711802","0.05384152275474352","-0.000468732688223783","0.0024648278981367344","0.021025034699018175","-0.009914991311322013","0.013689094976745864","0.012915720335229919","0.04262977072324503","-0.10051548798997167","0.020376193120540398","-0.07226091336683538","#N/A","#N/A","0.01913836493207266"
"2016/08/31","0.0011975442691893878","0.005341046442704167","0.0195845580485301","0.0034275848351636995","0.008837279795143482","-0.002336057797514335","-0.010113532246460166","-0.010134355625242786","-0.012416346257695282","0.013233758265686735","0.0018031592479479386","-0.0376419870094562","0.020057287407311275","-0.03225806924173369","-0.07877467543494365","#N/A","#N/A","-0.017919771650614313"
"2016/09/30","0.00005799230156333657","0.01336765510586102","-0.018626272532162536","0.009393895959254106","0.025184810935635404","0.0012955106084426848","0.002373525955600364","-0.015084616179417476","0.00011403302531586839","0.004129180300470603","-0.0031560806607968672","-0.018325442463083097","0.04073033237559609","0.007142793348318577","0.05953895478755822","#N/A","#N/A","-0.016224664420993573"
"2016/10/31","-0.017337040550210903","-0.022154609676716897","0.05931210649870944","-0.01912027723970866","-0.008277649540928134","-0.00048278885846408937","-0.014945809499298801","-0.04380609043403949","-0.0031934506888256","-0.017291100803494608","-0.015285809839460818","-0.05741279493377638","-0.017543811104012486","-0.029156808336782136","0.14963386012549873","#N/A","#N/A","0.03326124790839802"
"2016/11/30","0.03683863966672818","-0.01781391845970992","0.049272122629786974","0.010350316895003209","-0.044157079934170285","-0.0047001124954727524","-0.04227337612396298","-0.08213772448021228","-0.007563230414872951","-0.043129314270677455","-0.03167510626100267","-0.016756803553928945","0.024725250432837687","-0.08360387650041146","0.06379569384552086","#N/A","#N/A","0.07559889632983552"
"2016/12/31","0.02027151215730494","0.027062792529322977","0.04482381709144945","0.01962290050116211","-0.002526832460251427","0.0007233532100239248","-0.0011839581214226902","-0.004625220852530476","-0.007288568863102701","0.014869663738221961","0.008391056286017884","0.048171520110533494","0.05026809625769757","-0.018600534885432007","0.2924160384029304","#N/A","#N/A","0.03376008739309544"
"2017/01/31","0.017894908654053188","0.032911742760818985","-0.00204275793119868","0.029068677333207393","0.06655247198162861","0.0010660750478277414","0.0021940397038928694","0.008141881481290136","-0.006951733782316954","0.01732875223602659","0.001451473905357048","-0.0019388252692885688","-0.015315875555178993","0.053249111611053834","0.0069105916320904015","#N/A","#N/A","-0.02250850889421252"
"2017/02/28","0.039291360281919596","0.011906879140998416","0.00460578913129317","0.025127409016691082","0.01740757503600099","0.0003666748457402669","0.007235828576551695","0.015846336805775074","0.00339682639764593","0.01676083467893852","0.013209869077689396","0.03508567147856301","0.0012961441149581532","0.03170521706428153","0.21595868139061847","#N/A","#N/A","-0.007963033586856572"
"2017/03/31","0.0012499412212136907","0.0323166838935276","-0.004584673093787184","0.013457017557922724","0.03685157273408457","0.0006391500598657007","0.0008051746543744631","-0.006551457223024859","-0.0015859696157283275","0.005135511330613074","-0.002951603163108607","-0.024236294160653316","-0.04077670693970603","-0.002491672181581528","-0.09168024129983776","#N/A","#N/A","-0.008594631659174845"
"2017/04/30","0.009926202988221666","0.02424162077075187","0.014841422502235302","0.016124041821367285","0.01700964534970817","0.0018714460519686504","0.011088305767668727","0.01573189997728175","0.005991451067043458","0.017103100469793908","0.011888687693616395","0.002421087268826394","-0.026315748831266306","0.01665277314351532","0.2576064019287243","#N/A","#N/A","-0.004920582655959738"
"2017/05/31","0.014112984550470609","0.0354231077981515","0.02370135601472656","0.022090741200182284","0.028457422585586922","0.0007327891932134012","0.008267688287244557","0.018879306505474425","-0.0021907322972558652","0.007615836633629858","0.01333149014056434","-0.007246720077714652","-0.011781016819034207","-0.0008190195618831275","0.6962881891411046","#N/A","#N/A","-0.0034794116916738727"
"2017/06/30","0.00637465701716966","0.002960340098776326","0.020689669940628264","0.007871273079588237","0.009266341497884856","-0.0007803342534645763","-0.005095060864877432","0.007918394531232442","-0.003142611166833903","-0.0071708636812541915","0.004802276703124608","0.022325749880120593","-0.01683027820939831","-0.0213114945038263","0.08503732193929925","#N/A","#N/A","0.010555903889408746"
"2017/07/31","0.020554377445940242","0.026533586843001222","-0.0053189427792398325","0.027332376611651332","0.05822641977765164","0.0018596524182710183","0.0037479520967216295","-0.006583399326739903","0.00014563455465188007","0.01178931363687652","0.007654537255522564","0.012375308495240045","0.04208268043150154","0.023450644596799908","0.15901871383230914","#N/A","#N/A","-0.013382857746932042"
"2017/08/31","0.00291791509431949","-0.00044810026951602744","-0.013287425230133487","0.004013108985627678","0.023516420238412605","0.0020232034980731672","0.014575262345381201","0.03408714341567842","0.005929657985917042","0.01989403918463961","0.00677247986572449","-0.0026109753823249093","-0.010266914582829467","0.04091652938413315","0.6357682892979797","#N/A","#N/A","-0.00045247534875780815"
"2017/09/30","0.020149152154740113","0.023617462209823525","0.040897812733519556","0.018800746307671812","-0.000446138963894116","-0.0018670743748192553","-0.014415768713562538","-0.02322930248961852","-0.003994225320815397","-0.001877482325855051","-0.0004946534497211053","-0.0011403155890938876","0.03042873991857098","-0.03223269172995691","-0.07753559989298775","#N/A","#N/A","0.018169507521404782"
"2017/10/31","0.023564230502752137","0.01679304087248279","0.08193579222746661","0.02150540024277081","0.03280496318779913","-0.0009123185138206757","-0.001889226135252775","-0.00038509593099678163","-0.0002173173452314547","0.0024310492801589145","0.0019269905091174877","-0.010711714852067455","0.03892617037283297","-0.00812350755978608","0.49085787263504255","#N/A","#N/A","0.004703595855853671"
"2017/11/30","0.030565846759685655","0.006893526859421462","0.034100893393836706","0.020199682168783095","-0.0038894495839527643","-0.0021615554026592765","-0.002792629561566118","0.007432136592899763","0.003129561555195942","-0.0027194140517575738","-0.0012334775919539132","0.02664270467519736","0.012919946308380892","0.003276000141528179","0.5820913616777115","#N/A","#N/A","-0.008796800564352059"
"2017/12/31","0.012128159443226982","0.013488665510752229","0.0025698017907174187","0.014503157158391788","0.03761544537148853","-0.00020196270628258794","0.0018478680690310334","0.018125912546281375","0.0009786921708184683","0.01245086329381917","0.012204648708961763","-0.0014741077813446024","0.03826532970612728","0.021224508480149895","0.3833256069209823","0.6924832325804762","8.170074514713528","0.00779451355508054"
"2018/01/31","0.05635894583431078","0.05020603191579798","0.015377843652278012","0.057012021470320695","0.08297981011515954","-0.002861974144435564","-0.021502905026338004","-0.03255572848497079","-0.0018275308984863124","-0.006374112892774786","-0.012257581050956423","-0.04254082291552652","0.037469206220815066","0.03277376817832045","-0.2779873889308847","0.4778133121820687","-0.49473826571695945","-0.036704298929782664"
"2018/02/28","-0.036360346976104685","-0.04834771005800276","-0.04375238551112426","-0.04475067494472518","-0.058984888063287055","-0.0010065995829311447","-0.009327581125893047","-0.030414605508917614","0.0044295637294454685","-0.02181611410371176","-0.022371567428859707","-0.07677753813912869","-0.03670804939547545","-0.020123856605766877","0.01729762824029568","-0.23527561248553142","-0.22179046428233729","-0.012011180965442736"
"2018/03/31","-0.027410498941469852","-0.00839594530935972","-0.022877518352051762","-0.01497448935852308","0.005414331351939472","0.0024721649864227757","0.011557540344532935","0.02859679238465529","0.0019720486399646907","0.005525411242008449","0.005567870623722326","0.0389075126428331","0.02335581746005877","0.005529201869503009","-0.3293328919130871","-0.536415486333447","-0.4336030901695688","-0.008815428327647368"
"2018/04/30","0.005168189734806372","0.015212268085648128","0.048176600375136935","0.004044908895368016","-0.02816897781824723","-0.0023485470446961143","-0.01276511028780869","-0.020881295191834903","-0.0007963718037318268","-0.020507187184716558","-0.015659405672417304","0.008215407325001367","0.046246274799112586","-0.008640978839966396","0.3250893147910252","0.6897772267681967","0.6354700875084358","0.024596431103546257"
"2018/05/31","0.02430894473768963","-0.018942446809238178","-0.012027497901960893","0.004722813483726052","-0.026214933961215214","0.0035231827041377617","0.009861170352581938","0.02004397960936455","0.002605748589133422","-0.008102255396314817","0.005213453713714733","0.03679824241730101","0.015499452157356819","-0.012678276455073134","-0.18899090635565918","-0.13774546090642026","-0.2688933849385561","-0.003538117916237815"
"2018/06/30","0.005751019695473092","-0.015841237818221332","0.004782653341340204","-0.005853057980763743","-0.045456611297703176","0.00043239940441175406","0.001974422674849041","0.006457919698561465","0.0005294062465511729","-0.014928100710107861","-0.00487264954294564","0.042021867439336","0.012436365557532802","-0.035312967819921215","-0.14546906905498158","-0.21200741409464108","-0.23893530044292266","0.016318365112067745"
"2018/07/31","0.03704651931921932","0.028520154624679828","0.012889912608975207","0.030652112397112186","0.03531016828246014","-0.000600479300699619","-0.005277462547914058","-0.014368879202221074","-0.0023387081207775274","0.025732850832595577","0.013438375142040604","0.006015707738429077","-0.036292552990959126","-0.023294565389526012","0.2149344068404513","-0.0468232097723833","-0.06653151448047268","0.004597896879085628"
"2018/08/31","0.031919926777394636","-0.022357600608183814","0.012586723869849159","0.006957702444969183","-0.037672732760629324","0.0034667423124528085","0.010139805423053927","0.013120380874087845","-0.00693187496545245","-0.02319134522227506","0.00019967695564049315","0.025750837503366597","0.01042875450688463","-0.020442911055977397","-0.09547787385747553","-0.3477171692332971","-0.22952036630646644","0.000045022733387245495"
"2018/09/30","0.005945273489722069","0.009652522556705234","0.062151623130482614","0.006097021598468588","-0.00579119976688125","-0.0014299836278992561","-0.012050339952043077","-0.028642784727915926","-0.0031112528873179558","0.02030973193476293","-0.0014073795045332904","-0.02664334852731609","0.03841743439087275","-0.006086929984714717","-0.058545695389234265","-0.1772271451640297","0.734316991612509","0.02124344991680105"
"2018/10/31","-0.06910404466288089","-0.08133545254785901","-0.09120266907367858","-0.0743335100871999","-0.08760463654146078","0.0015312144784773718","-0.003030933635463251","-0.029305349947851833","0.0016807316528487605","-0.02514849477507841","-0.020492971943919636","-0.02925176960898701","-0.061844329182032864","0.020997354742806618","-0.046479119136965674","-0.15231829090663407","-0.2290172272482185","-0.00269061724551245"
"2018/11/30","0.018548991816823124","0.004963116038409376","0.02087039150186576","0.015856887751240833","0.049029523266840735","0.0038101213867571815","0.013300889625035506","0.017871714708500575","0.005244691375226313","-0.004884742212190818","-0.0035845367434936826","0.04673150432037221","-0.1106533337120339","0.0034275888253232356","-0.3641157587086258","-0.42663468557722395","-0.19163789282205101","0.0031755400476394247"
"2018/12/31","-0.08804846734161698","-0.05349759778126717","-0.10482819923235476","-0.07210152546921644","-0.034889016723379296","0.007598561714143859","0.028042496574285147","0.05853520805151091","0.008764968814968794","0.019073142468802207","0.018594122607304753","-0.07951905982604668","-0.07213760580278328","0.04953030929262359","-0.0683469654808112","0.1784623615407288","-0.026897200552673528","-0.02716668750980067"
"2019/01/31","0.08006563851960835","0.06634901941679705","0.039358503548950985","0.08042387635304515","0.10343051138761705","0.0025112843338463975","0.006526451157369051","0.0037859530521067164","0.00558295139175124","0.047829545740196044","0.03368235198602498","0.11854633787233149","0.0834521458215598","0.028478468881700136","-0.07612356891843053","-0.19725266125594398","-0.12097889884357627","-0.012226946442937536"
"2019/02/28","0.03241574576815753","0.02536709062293463","0.029453303098414763","0.02466846666719147","-0.015313144802996947","0.0008608538966674573","-0.005255016047947758","-0.01376384039536982","0.0025457702606700382","0.00398463078183986","-0.002038563275082783","0.006953688606307296","0.03489142207284601","-0.004746868511629088","0.11481101020191953","0.2772739902318164","0.01626258449178808","0.01725985865098023"
"2019/03/31","0.018100783003884846","0.00917995806883587","0.00045403928594334175","0.015767836364663168","0.011310034282549175","0.006267843501030823","0.02655136190186691","0.055716268357530074","0.009379591475213162","0.015060640134934244","0.02928973208347485","0.0421641271740405","0.014631013888640299","-0.015898236127033005","0.06501500614248945","0.03486642530151851","-0.018563669859518295","-0.002029536496834572"
"2019/04/30","0.04085217941570862","0.02929390249934838","0.049477900297183686","0.034234142661067724","0.023532313551794637","0.001834316705431327","-0.005185422298261355","-0.01991066370082506","-0.004288775344906686","0.0017701557107971944","0.004363950221928148","-0.001610554779662987","0.02758618091817855","-0.0072698022419973585","0.3033373026312973","0.14593550671600175","0.0007987661530166612","0.009400118457421947"
"2019/05/31","-0.06377097495165196","-0.05032949089868899","-0.07396192517214417","-0.06070780088189043","-0.07329835466051626","0.007218529619476222","0.030485831267828445","0.0683919347230828","0.008951681036820086","0.00492915548472217","0.016505536648294905","0.0013828691827695305","-0.08419763344458564","0.017900754085571124","0.6024930171574245","0.6533274844738468","0.4171502897983117","-0.02077419391861901"
"2019/06/30","0.06958640039724817","0.05911635330308784","0.03269492599894441","0.06490460177188462","0.0620772316065894","0.00460942501755035","0.012171368277150929","0.009501459458768347","0.007017232761863718","0.035263986443223816","0.03246715409207224","0.015543020827918363","0.04263819985938233","0.07913667090369447","0.26154910600902714","0.08422710258726118","-0.09613653779625464","-0.014722428167413981"
"2019/07/31","0.015119464131618132","-0.019473661315040913","0.01324860966018182","0.0006784371615125018","-0.026567239817797073","-0.0006378191649655252","0.0003824734225705839","0.002564828195861457","0.0017644461936655532","0.007337084124027449","0.002540642143475491","0.017048411239709793","-0.004472824059454705","0.0014815153899017108","-0.067626591766352","-0.24782536943366695","-0.190463957557378","0.007563967438041663"
"2019/08/31","-0.01674333804324679","-0.019239591954884006","-0.03728968636513241","-0.022098725169085176","-0.03782606279426881","0.007817366355276745","0.03951625217662347","0.11049165436826303","0.01811486882407786","0.015521173552927925","0.038860015463476616","0.03746187835265968","-0.048780502734498854","0.07692307149707389","-0.045110118116522324","-0.2112210442661886","-0.19228190702400338","-0.019564792369171524"
"2019/09/30","0.019457842904508915","0.03164036643582624","0.05573926800614215","0.02245933552029067","0.01691951437037509","-0.0013420922735717378","-0.011860918181786362","-0.026799682397427693","-0.014699331624244532","-0.010967679748909442","-0.007559318214798938","0.01927099666380272","0.01551960193298596","-0.03159340830287438","-0.13880620170759905","0.04292009717791245","-0.012619456086116365","0.01414905065872496"
"2019/10/31","0.022104677319580768","0.03389050888057832","0.05592827900123787","0.02738967083129773","0.04184009893833451","0.0031292684405359594","0.0018789374792764768","-0.01113205244852744","-0.004775621897151422","0.005754904280032447","0.00445163448705288","0.011259830915247626","0.007973414221812192","0.02553188985373067","0.10920318227380199","0.02276455800147681","0.15795151336460145","0.007828144397020287"
"2019/11/30","0.03619841830746173","0.011272840663655526","0.016101793208811666","0.023360539427595528","-0.000939481982407786","-0.0004718439713020661","-0.0068716084720065185","-0.004070821332950114","-0.0043445930806370655","-0.009496987926244094","0.004750537471108984","-0.013043581954475303","0.003955139462137769","-0.03319505495465791","-0.1771770232076748","-0.17083088098194033","-0.23580935837083283","0.006645888490736329"
"2019/12/31","0.029055201599407443","0.029953930515785876","0.017931569122493274","0.034419389423695934","0.07730279136293694","0.001549674522979494","-0.009280310089076038","-0.03197535213545233","-0.0028896913844833672","0.02945920617612119","0.005273074256164412","0.007690049137789812","0.06434665605330858","0.037196028239675494","-0.0496762414464359","-0.15031388415600488","-0.14827311246246566","-0.0058349763762006734"
"2020/01/31","-0.00040366163123717325","-0.0282259617570092","-0.020483325558400156","-0.014384997576540548","-0.06151093677627284","0.005790462256171081","0.034657564942605745","0.07691188531013093","0.004302264789640348","0.012395699082873524","0.024460865541710675","0.012285772766151615","-0.1061073047809149","0.0462069018133755","0.29984019674608997","0.390008355135524","0.24023041666534706","0.00003671987264097787"
"2020/02/29","-0.07916579906787546","-0.0776526289014613","-0.08866585040097619","-0.07489424141967127","-0.03775827590402414","0.008766513479188776","0.029617350602533232","0.06626464560579692","0.010649764605178741","-0.012537903440589804","0.010913781158527591","-0.0702650043505455","-0.07798482624501235","-0.0065919829246405826","-0.08031850219040493","0.22029474606412802","-0.03360738676726471","0.0071916453304476935"
"2020/03/31","-0.12487128939898196","-0.14106678580463816","-0.09591553156979371","-0.13409920739573777","-0.15769992262035992","0.012440789050153667","0.03722664625243555","0.06376716527831028","-0.01987219690260167","-0.14971489373187064","-0.06311868425060596","-0.19391816674975726","-0.3038921834038536","0","-0.25127763815543147","-0.3923380856957722","-0.24494685822199014","-0.014818529506957168"
"2020/04/30","0.1269832793670982","0.05817433476815359","0.06598975168881194","0.09828998590503724","0.07354247633075728","0.0027260788656329193","0.002752693723818256","0.012189827579692114","0.006519715949002025","0.04392810594582519","0.04845789818191215","0.0896206665945436","-0.08817211093344512","0.0690113428392789","0.34477896223547644","0.553982393067973","0.21882067227357016","-0.013190197653111135"
"2020/05/31","0.04764549459259215","0.05426909068026009","0.08333341116769488","0.05093144756652146","0.029748774672747613","-0.0007838632183231331","0.0032742802595244758","-0.01761985970883584","-0.007199351290420708","0.06271426667547586","0.024602169223201464","0.01734323074375621","0.1580188944484906","0.026070767249013693","0.09268347920493625","0.11258875882296215","-0.04631958946499293","0.009689495595475606"
"2020/06/30","0.01773435148652447","0.035111936673493105","0.019340568176429596","0.029405623952828197","0.06604905315252152","0.00023061446420480358","0.00042714160457801853","0.0033669136137446376","-0.007614074599509135","0.029765461027851492","0.021275658532287967","0.0242490761703944","0.05600816780317719","0.027828134625807133","-0.034146858566219795","-0.020178336529868335","-0.13324394859258692","-0.0004923813431485513"
"2020/07/31","0.05889209215938496","0.0193855533797056","-0.023252450396251123","0.05358097419640573","0.08252063464966275","0.0009357534252882882","0.008541317240563728","0.04435105829864794","0.004019606199632486","0.038570978498841724","0.03100128965547766","0.03641904705591781","0.03664417730323155","0.1100647948455109","0.23916341296986676","0.5268747244093426","0.47213287155295736","-0.027019219068792566"
"2020/08/31","0.06979683333524944","0.04722018931385508","0.06421210577386116","0.06025495732221953","0.02887511413819044","-0.00023095918402193938","-0.009698616157321593","-0.05046571269256661","-0.0072836007530654445","0.007254107607825855","-0.017782535018659895","0.0044233456519675585","0.04651162790697683","-0.004772012177904905","0.03155866679660524","0.259076483677003","0.08830294805900563","0.008138905226364512"
"2020/09/30","-0.037443622580183744","-0.020467940731333623","0.00759483073420153","-0.029508253224370118","-0.010103522000184606","-0.000011146687337482142","0.003278032141075249","0.007735203189024098","0.0033015876032489455","-0.020813109320143686","-0.004397674318242006","-0.026643056947442734","-0.0444444444444444","-0.0415557095163992","-0.07673511599209437","-0.17270828515420789","-0.14189785644885644","0.0012223224357614804"
"2020/10/31","-0.024933569696834357","-0.03550685514599272","-0.008375292796521383","-0.022272248360397873","0.014062280284585338","-0.00046295060602352667","-0.013808307485352556","-0.033852725445379095","0.000007955698126727029","-0.004559807673599758","-0.0051037030993073","-0.03001500315539174","-0.03441859400549596","-0.005558664966203719","0.27785306210931693","0.07404740740640259","-0.00843733918407974","-0.010505002602242741"
"2020/11/30","0.10877689213396025","0.14269444211587712","0.1499155985085978","0.1176093104974445","0.08991287586761154","0.00022017476064695174","0.0033839135626747563","0.016638960436158534","-0.00036614862224504385","0.04219853396707407","0.03771545080663019","0.09674901768286781","0.12235062524927143","-0.052543245320225584","0.4241232777902142","0.590423966544446","1.7710265935986986","-0.004514414735091732"
"2020/12/31","0.03704806122091808","0.050154089238197974","0.04076395600480143","0.04687310468989314","0.07129445701390824","0.00040526969255760825","-0.002384698768802984","-0.012276359585487562","0.0021991175864222168","0.021555390035143285","0.001506192712538157","0.027340273470158216","0.05836912681904183","0.06961642151705205","0.477731740726012","0.19998759130319121","-0.6690745779211311","-0.009233090528561472"
"2021/01/31","-0.01019029204515498","-0.007812536836078965","0.008468528287187471","-0.003086506163541447","0.0317398959003139","0.00023138661830768292","-0.01092138981259072","-0.036328070795304424","-0.0025569349830245613","-0.0177723852044136","-0.018315925883328754","0.0003533970219209426","0.047039734573795844","-0.031991172121021205","0.14180671257315614","0.78229891023216","1.2393585572078436","0.011345876630515672"
"2021/02/28","0.02780548871543842","0.02237884845536553","0.04618622983257126","0.02288828196447379","0.007878502999554282","-0.0005785882875125603","-0.023632702647386705","-0.057329646252479494","-0.013230305950647447","-0.030470282855500685","-0.02263300988433581","0.034251499988991574","0.10302090932810204","-0.06324779209442544","0.36308750593940786","0.07685460400671462","-0.1571375499362353","0.02002087839978106"
"2021/03/31","0.04539939445645169","0.025131737640269325","0.013377987059372654","0.028537436339805655","-0.0072584687616042975","-0.0005565232120093855","-0.023857150247452164","-0.052452322984128275","0.009683169022465243","-0.007284766401884801","-0.014780279500444915","0.051519972063495345","-0.01896063963687511","-0.010948923316814185","0.30531110958991947","0.3547286344036904","0.38297349117090573","0.03690580456230319"
"2021/04/30","0.05291062767407073","0.029523969697166752","-0.012541306684715536","0.042459315317893154","0.0119984152487711","0.0005683975467003499","0.010012160806556425","0.02495074010077536","0.002587405436129453","0.02402965391226619","0.010431835344599572","0.07859812659836862","0.08088762296647056","0.036285371727111215","-0.019835020649767054","0.44561190417800023","1.7735842119235672","-0.01270115563833385"
"2021/05/31","0.006566147745092232","0.0348227650266828","0.0010026120909576441","0.014719213672703013","0.016487627334214494","0.0006025437143368784","0.004248914756616262","0.000021742160315696424","0.0003688109826160968","0.00963981127432123","0.006226352564972837","0.008074038515134552","0.023841036263749116","0.07596431752633759","-0.3535455959448175","-0.021008788054218575","-0.3424633249622583","0.009209931299440033"
"2021/06/30","0.0224273929805332","-0.010780076011116524","-0.002003358820437895","0.012608674288198563","0.009503954129956416","-0.0017146464065666","0.010225751355737334","0.044190740023605235","0","0.00859169045628394","0.022114535843634542","0.026375450681665802","0.04075033071710332","-0.07032540968282985","-0.06139416614323989","-0.1622123668754838","-0.32506709184460914","0.005713976313591829"
"2021/07/31","0.024412404836905655","0.007733082198558394","-0.05166742607131258","0.009091667999741704","-0.06436985132289252","0.001659942488230426","0.019901994686510882","0.03716713022605522","0.007012982159714687","0.005574975571088325","0.014189791706587851","0.044208930199319374","0.013051527811134278","0.025215138294378825","0.18793385485283132","0.11503929513799482","0.05862616191779435","-0.010186882370042505"
"2021/08/31","0.029759861767230333","0.014467217571924262","0.028581605510648478","0.02174144624724117","0.015697679929636","-0.00032456871717767566","-0.003944065432320953","-0.003401838115341449","-0.0007333452637725557","0.008987120234743795","-0.0034395097325233825","0.021544724898933332","-0.023926344043115888","-0.0008681305787600069","0.1331010952575873","0.3538834398183497","0.5881455474185038","0.004889942132942027"
"2021/09/30","-0.04660551453609307","-0.03261382978240357","0.057659032689914014","-0.04226965507690872","-0.03873321300442856","-0.0010087905383731055","-0.015970707515328475","-0.029069798411738512","-0.004403866263172129","-0.026379628459431315","-0.015074237631206855","-0.056814796949579804","0.059710922190485016","-0.032435533492004676","-0.07157155076344934","-0.1258262517678288","-0.19784301782368086","0.018118285315372518"
"2021/10/31","0.0701635762012367","0.03179074681632321","-0.020032869520843266","0.053942909250102034","0.010718629606925933","-0.003355043805145397","-0.004429460919546546","0.024649967447924803","-0.0018416881007995434","0.001595353296319546","0.005309788444847863","0.07133025444746921","0.05871884550883899","0.015564216107111228","0.4002672858735883","0.4285585776905292","0.16859643436791805","0.01500857945667411"
"2021/11/30","-0.008034903646448877","-0.045347247595315054","-0.018096529667919525","-0.023074770459457272","-0.040848315829448034","-0.0005706423608899946","0.010921079617005836","0.02771451917674672","0.0022190734656917233","-0.018825729071602293","-0.0011864255965799986","-0.021093132413167015","-0.10588236991214761","-0.007368110750115897","-0.07034580264960633","0.08008368503853802","-0.10284600688776135","0.0016547277186567122"
"2021/12/31","0.046247603942673354","0.04390925773391663","0.01604088351701427","0.038878736985877405","0.015070628692788857","-0.002122838316116593","-0.005240367020762249","-0.020137697857580905","-0.002952150350138405","0.02162911371083731","-0.0003409958809817981","0.09705611715616769","0.07205517352480606","0.03355110029323782","-0.18768354629620299","-0.20486893940488138","-0.1678001101913118","0.011062903554301284"
"2022/01/31","-0.052741196633996235","-0.036349565505316095","-0.06247890467567985","-0.045471779022296155","-0.00020458874201112476","-0.006897501313826937","-0.02113056826328996","-0.03913900496149669","-0.007778770521049139","-0.03374347642479547","-0.03591936576578991","-0.08421691252856844","0.11747516991120288","-0.016949156257160758","-0.16894668246945244","-0.27001171567556326","-0.2550810883724819","0.0017294655226807176"
"2022/02/28","-0.029516928182417357","-0.03429194133370794","-0.01773552971314718","-0.03060307161377518","-0.043202420527323704","-0.004321591354411458","-0.0030410330886460057","-0.01633004365105184","-0.00934252040175676","-0.05530076857923272","-0.021314399554219987","-0.03482695682101078","0.08838904563441141","0.06107539678646878","0.1223941500332939","0.08589970747939146","0.26309491983564626","0.00280229428577794"
"2022/03/31","0.037590422885183106","0.005189914003914664","0.057814946789503496","0.01941157115483505","-0.033810961975865084","-0.014017761538704265","-0.04060893025312706","-0.054443833261032304","-0.00490385610746058","-0.010966882086696828","-0.028937541187669336","0.06263925869822295","0.08841903891440417","0.014321135722847211","0.05430112933630005","0.12415781888640076","0.04158333346671217","0.055682006226156266"
"2022/04/30","-0.08776915611869462","-0.06739154238922151","-0.035517293709242725","-0.08067763147956131","-0.061351348820659735","-0.004968975722992264","-0.042282642568034046","-0.0942388062457239","-0.0018901605006140798","-0.06672023424265527","-0.06699267326783953","-0.04087861555757555","0.04547464476788998","-0.021449928760557957","-0.17180562778839858","-0.16804268000951372","-0.27925732519759083","0.07203678585918794"
"2022/05/31","0.0022573111248493927","0.019959396009256558","0.016088706428878607","0.004469706663434048","0.0061349778931307775","0.005961952886973432","0.0061837541441649435","-0.022533117096423805","-0.0030442954121577825","0.00810910803918885","0.018638940969856854","-0.046853704618762815","0.057432457467253784","-0.03246398318315524","-0.15703524015723236","-0.2885732119152148","-0.28142827540954585","-0.02314031655824278"
"2022/06/30","-0.08246030618420508","-0.0876664937662962","-0.03201968848014414","-0.0810692398613948","-0.051576514185127764","-0.005943397789440197","-0.008634377334392984","-0.01274537746130533","-0.014885478130572394","-0.06154061841488212","-0.03622792634971961","-0.0744890423915916","-0.07747605683411218","-0.01605958060645918","-0.37768830820493093","-0.45050535928269975","-0.21433063370103","0.06890540419838809"
"2022/07/31","0.09208722534617464","0.05168841111105471","0.05454629498025221","0.07068782074349023","-0.0034912970037171975","0.004098732650929637","0.02961489043985699","0.024310279311872574","0.009755168456381247","0.036028504430231534","0.04444410074162475","0.08615960575393355","-0.007359310540545061","-0.0250655953345732","0.17954101668545608","0.5754887850279162","0.1478663628600656","-0.0160481537333923"
"2022/08/31","-0.04080180213632367","-0.06116864649954801","0.01106035350100476","-0.0436427432576284","-0.013263306816371001","-0.008100144316926294","-0.03853859759393463","-0.04553126466476354","-0.0019280280633671154","-0.027076932333993997","-0.04429128020322326","-0.060125229143400016","-0.029655486093573713","-0.02959646205938682","-0.14085561097213029","-0.07602205155865815","-0.13822284289614362","0.03226999303575151"
"2022/09/30","-0.09244590629531901","-0.09222041200606224","-0.0717137285184759","-0.0939464263438945","-0.1153943064597992","-0.011923592819068851","-0.047349847014110935","-0.08235123716789161","-0.01506975221879936","-0.06575087398251644","-0.05979877804655731","-0.12871304516485804","-0.07505618320422225","-0.02865059839980144","-0.030822039575552185","-0.14527160141821982","0.4633055225600309","0.04106424157928368"
"2022/10/31","0.08127533521265873","0.05891801563926857","0.06565654642571594","0.06347160989162282","-0.01978219264944059","-0.0012575146668691861","-0.0145398285838797","-0.05964411761217725","-0.004321840969616297","-0.001632020415504365","-0.007452532865270367","0.03505048179533432","0.06171042091699719","-0.01744374032450091","0.05475483351418764","0.184292000561459","-0.028886525390122264","0.023409079143789535"
"2022/11/30","0.05559157333715059","0.1316810958798802","0.014920068431622635","0.08336357825359175","0.15589375383538306","0.006937838449420308","0.036122365981111626","0.07151078757744989","-0.007106124197963082","0.10076693946597581","0.066477065633743","0.06146065267817624","-0.011899323768540193","0.08457065754028847","-0.16233625149087516","-0.17614505548377224","-0.12270908016643478","-0.06134144426653143"
"2022/12/31","-0.05762817298504219","-0.018129063903734033","-0.06606711380463637","-0.04610041292577538","-0.02637516548785468","0.0011765151359937054","-0.014880620736454908","-0.026200321206713895","-0.017494936040110987","-0.013586019710888464","-0.015511262720244057","-0.05034325152698926","-0.016674414442206964","0.029464337006720465","-0.03617484988577191","-0.07634346593989738","-0.1683551293209642","-0.04201228841482352"
"2023/01/31","0.06288735478705454","0.09003644161555124","0.04666673026317114","0.07504709405988952","0.09129286150151339","0.007761896369121057","0.03581129713078379","0.0764361676599874","-0.004049685423196281","0.03924852001835477","0.05159812619027204","0.1040248572501512","-0.0009420847006558208","0.0578201789874917","0.398355562196792","0.32567975152872064","0.19551135902859218","-0.018334861515893586"
"2023/02/28","-0.0251426693111092","-0.03074760764087503","0.004423228406212676","-0.03320552884999395","-0.07567694706139805","-0.008059018526748174","-0.032707775878065615","-0.04850532527357887","0.016286876662013006","-0.026918332544971224","-0.04169088167198187","-0.05864266329482981","-0.04243279855627824","-0.05383988008985541","0.00034877106732977836","0.012202527095311444","-0.071948303304334","0.044742811193731136"
"2023/03/31","0.03707772259524189","0.03129042452462949","0.03188293061308123","0.03332595590008469","0.03217363128732975","0.016479425958552563","0.03721035716453591","0.04839307568583329","0.024439191082323175","0.016720711581311942","0.03848501896105505","-0.021554426468108234","-0.009354930167654207","0.07943385571474604","0.23031275933019146","0.13458347779136814","0.4277927221804032","-0.02285846434237393"
"2023/04/30","0.015974882909847832","0.0293625282507588","0.029020161770438646","0.015686502697968008","-0.008362923747036843","0.0024396308151195534","0.00814776800922834","0.003383772788716044","0.0004132202352948866","0.002700758694184069","0.006039873041127741","0.003131039039305339","-0.010437424605459933","0.009098211461221029","0.027751556410733347","0.03013257733733843","-0.12286165861429377","0.004511962422422133"
"2023/05/31","0.004616476211414922","-0.04007072368173137","0.0703385434452155","-0.01047615990523032","-0.024022480482321584","-0.0037687169669259335","-0.014382975432244982","-0.03015295193195","0.002351106176996298","-0.011888033557651112","-0.01768894855389702","-0.03961586099012715","-0.0622802501567743","-0.01352421993940589","-0.070011342199917","-0.0014885114001489397","0.09538633509396788","0.04476768214023097"
"2023/06/30","0.06479974314984238","0.04470054749636998","0.07687537067131078","0.05784306974875242","0.043988590348893464","-0.004946299909620033","-0.012552796688423129","0.002170970219987023","0.003909384903626245","0.02502766031421433","0.008100678665516448","0.05629458011811628","0.043920711916086486","-0.021774230018241858","0.11967798146804087","0.03151246505785199","-0.08378469077728556","0.03568152016791304"
"2023/07/31","0.0327330863401023","0.0270344673213756","-0.0008942958668188838","0.03595983697621219","0.06041448599674615","0.00304214447098472","-0.006516856509420799","-0.025442714174669923","-0.02494244188070993","0.017239870463913398","0.0005379727016161517","0.020344640970640038","0.10826067907288173","0.02225890043629497","-0.04092037651288716","-0.039844325996528096","0.47355803536794383","-0.027780102277520258"
"2023/08/31","-0.01625186051814198","-0.0393500738219863","-0.01700389822029802","-0.02907732059168333","-0.06626942274980596","0.004103378175452921","-0.007308859461101935","-0.03142073112162336","-0.010800011096903761","-0.018457940902969483","-0.012290349711038928","-0.03377895073989412","0.004629647208502563","-0.012096794454578785","-0.11285070504336647","-0.11341852341775926","-0.26874213152766413","0.037944582792575954"
"2023/09/30","-0.047434430397883975","-0.03648805141824152","-0.015508469329254537","-0.042797951332644746","-0.03114614352341416","-0.0007893185353315957","-0.03138818192281767","-0.07951122164738322","-0.00849166263666401","-0.03328240071984112","-0.03557278136654951","-0.0726375748305349","0.03732716301677508","-0.047891110790019176","0.039968549920561314","0.015509296142236728","0.009017262393397285","0.02216309908651337"
"2023/10/31","-0.021708751381114055","-0.029019210771167425","-0.03150554138071349","-0.025441200171039458","-0.032937985242621814","0.003330367008848256","-0.019277523250582407","-0.054632105068269765","-0.025735953604642203","-0.011890029694509807","-0.024119099701918723","-0.036214810409954334","-0.039093783170474294","0.0743068976678889","0.28551947543569023","0.08694377376798723","0.1646802306587174","-0.0015134439227747487"
"2023/11/30","0.09134398496098362","0.0821876841135285","0.08414130833015454","0.08886903020612502","0.07792903406654617","0.010519738381092658","0.045544791755915526","0.09923937880708378","0.027684562872711593","0.06237894712177061","0.07574432327902758","0.12081750125765978","-0.04392042960935327","0.025272699097716123","0.08783270039094293","0.12997660282981038","0.010121872958569034","-0.013895628571761853"
"2023/12/31","0.04565519175080701","0.05350987772540705","0","0.04812826002434223","0.035653260614820326","0.011034190140735145","0.037722548269857326","0.08685731494355808","0.008571484338483204","0.04548332409009603","0.048753112613526106","0.09445322374746867","-0.029980697779691257","0.012714007579904152","0.12071360157473277","0.11152680953508098","0.01415501957682297","-0.03814640152057602"
"2024/01/31","0.01592655068289317","-0.004512190847797304","0.08597811178837755","0.00275145516100328","-0.04526232969464583","0.0031691927841437373","0.0007262771261882239","-0.022451448176868394","-0.013795034492424363","-0.012126407065530587","-0.004428174473804614","-0.050588683336120766","0.04386844922948718","-0.013835437297438857","0.007510151676246579","0.0004704167168723128","-0.18172146587602322","0.04199258239185499"
"2024/02/29","0.05218679623525335","0.029862644439436314","0.08049938332539197","0.04507593401491827","0.041677520296680814","-0.0038753820039177933","-0.020826360569393465","-0.022521926765077915","0.005345694768357889","0.00784142240516461","-0.019320212714055707","0.01978808421692224","0.008596002893267451","0.004156919730705644","0.43716858418659976","0.46412031614766525","0.16520890699058932","0.02230457212821535"
"2024/03/31","0.0327020300782801","0.03378652159212625","0.03589869043536775","0.03263002801575965","0.027256887169994748","0.0034358035661992137","0.007332165938971347","0.007828802982621896","0.0004087679124893384","0.019973535229196315","0.015410024308450065","0.01951035371689458","0.04450750896575739","0.08693393694705387","0.16561329171152273","0.09154521864078191","0.07316765717170481","0.005203885351660276"
"2024/04/30","-0.0403196175583751","-0.03243195221678341","-0.04913357841866561","-0.03550347697293632","-0.0021909668815935923","-0.004416712109890919","-0.03129757615019113","-0.06455456441752605","-0.016784059410302365","-0.02411964991215576","-0.03243043920619404","-0.07944035205511135","0.009519537484373064","0.03070699754982198","-0.14995437921729393","-0.17423097361598006","-0.2052683599068037","0.03218431617371165"
"2024/05/31","0.050579515482745974","0.05060195784955823","0.003494874326997355","0.04575412891663588","0.019516956360094317","0.007194984385966885","0.01800134206372883","0.02886964418742166","-0.02505215848827702","0.02605184166482233","0.02213705843135716","0.04559721563712049","-0.014369092422387486","0.015935391537274635","0.11304277803921714","0.2482299261480101","0.03546527712138414","0.004087974124660221"
"2024/06/30","0.035280129180037534","-0.018267565190096646","0.028358135136746343","0.020378088272068995","0.026180334815474993","0.0054429565752196485","0.01216990940038798","0.018171398468310507","0.0025696324655337666","-0.0023342602056867223","0.00596357824523297","0.01875591367541185","0.009111564858280019","-0.001363977517654602","-0.07131456883230869","-0.08700402549978836","-0.08172455653934818","0.02379051984080993"
"2024/07/31","0.012109147019452093","0.025916179298759445","-0.010650810555431378","0.01539148785970701","0.008452661103506953","0.011796417079958488","0.028972167348115585","0.036299286358256966","-0.0008400663120265994","0.02668586876879142","0.026380671330211936","0.07939356960135524","-0.028893878134111817","0.053949440369239765","0.030966973402063003","-0.05872415229689487","0.3122214198045674","-0.049892016576545184"
"2024/08/31","0.02336565182317729","0.0326031598236356","-0.012903313390324467","0.02497160678677135","0.009778703749245388","0.008919539018545919","0.013457725351987637","0.02111245162072506","0.01757388013996053","0.022663090885961745","0.018705159462407472","0.05220664260323016","-0.021850270030374763","0.021166297157341862","-0.08742521094720224","-0.22217151640522492","-0.09235830977175208","-0.05095957865072809"
"2024/09/30","0.021004599190391327","0.00783320872197768","-0.010809522427486229","0.021969515465393608","0.057413002956405945","0.007732047901300554","0.013825042081581085","0.019994285985969196","0.0008424366977028974","0.020145602920091932","0.019629301012105582","0.03269665391771648","-0.0019011841153402376","0.05118447644085511","0.07392927032290175","0.035676440896093675","0.07977734498833611","-0.014542029386306887"
"2024/10/31","-0.00892349614553678","-0.052732266674294426","0.029987360313264766","-0.020911769347857656","-0.03074568768053898","-0.006238092350985713","-0.033873720272624586","-0.054549002014276926","-0.008417380960806464","-0.024411245755859734","-0.031793797067027674","-0.033566008955928095","0.014285677955264031","0.04305833715890417","0.10872796248193972","-0.03352336701479863","-0.16722212296107286","0.07298480661404039"
"2024/11/30","0.059633253192299174","-0.003155624872576923","-0.022205766007514893","0.04032468633817188","-0.026771700090190143","0.0029607211786513155","0.010209199828773441","0.01987265894059065","-0.006382960698329221","0.018254677751874393","0.017908736731364172","0.042591725971123706","-0.007511730194512012","-0.030671299149456432","0.3736209803256596","0.4729733401625702","2.8177136303181607","-0.013250299266651"
"2024/12/31","-0.02405991693035059","-0.029501704232664627","0.0464295107350734","-0.026582232393263627","-0.016966863747686523","0.002504738372381521","-0.02258374053605816","-0.06381038363030378","-0.0008566707183915723","-0.022281869877898375","-0.02675798019072262","-0.08372186543052196","0.029801375889524584","-0.014726401561528268","-0.03131032825862812","-0.10070244434768516","0.06995806902536339","0.038505293903842386"
"2025/01/31","0.026856346816883425","0.04800943518517631","-0.008439897474927682","0.031404269058725065","0.02152080290442293","0.0037812269210291127","0.006165364196003109","0.004923973832736017","-0.005998103212261574","0.01695883708482837","0.005803183513947374","0.016501900938792557","0.034451078742744556","0.06786509239064564","0.09607082167329573","-0.010282453177827167","0.45924674220479367","-0.01845915529316078"
"2025/02/28","-0.012694821908283194","0.029530598529776242","-0.06031117346532988","-0.0029705512392874667","0.011470065771209459","0.007352224063310597","0.02799713659982772","0.05697101806696958","-0.012964441095335899","0.02131842169003706","0.023713352643299768","0.03699621255992014","-0.014653637522120455","0.018914318520950824","-0.17608526437187266","-0.3214901832713606","-0.293147203536684","-0.026509320172561357"
"2025/03/31","-0.05571920548668341","0.0018386428088510431","-0.033126286451788056","-0.036745868217761934","0.011340086163060814","0.004406822003626409","0.0034192314731642526","-0.01204698401690163","-0.01269701000983281","-0.011501050709055494","-0.004624818770653238","-0.02587783866904647","0.026137895887648144","0.09448673201244873","-0.021619399346929025","-0.18518446597705107","-0.025959304735335476","-0.00263304956289101"
"2025/04/30","-0.008670177212539043","0.03695090868179385","0.009903520995882209","0.005155120418494308","0.0013729495508887357","0.008126358693665736","0.010561251391312032","-0.013604648317582346","0.0031041831204854375","-0.0025500223995831295","-0.0027063173191452794","-0.024409066573707228","-0.08871323746833437","0.05444367595517852","0.14123018539860022","-0.016290055367711775","0.04864355383044039","-0.0489116090277707"
"2025/05/31","0.06284501332388093","0.047905551108621935","0.05618882592909524","0.056927950373057534","0.04021934561562279","-0.0025463823659129803","-0.01239593658770266","-0.03210631332357616","-0.01949477015501211","0.01163496438281797","0.0020642883764800946","0.011207864614061869","0.020240967532238363","-0.0001608222909389445","0.11072156686350643","0.4099242388772808","-0.007527478074546123","0.010400712782419497"
"2025/06/30","0.05138612968118861","0.023962147637806686","0.06449174217758746","0.04806481875471125","0.07002035575773768","0.005850821261844663","0.01601925835322482","0.02664049428733284","0.007229851829127609","0.026886055610931825","0.020824470243980597","0.006884992056647388","0.041095929905433426","0.0032175154992022392","0.023865516830480216","-0.01685313320350279","0.029281926079565146","0.005132817012871271"
"2025/07/31","0.023031464526309886","-0.02091947866326338","0.016613861480030856","0.010575380093005293","0.0066335062573454895","-0.0009199515885955911","-0.005939111004034325","-0.011396602782717036","-0.013457639786957798","0.00683010341651813","-0.0008974673409732903","0.0008981806702939021","0.034482681032820484","-0.005612608810017572","0.08048574368152783","0.4867326593849237","0.35127643264673747","0.03258439968637106"
"2025/08/31","0.0205194448778121","0.04524685186706168","0.04060429967825363","0.026777512039866558","0.02677101833544282","0.008875430608652035","0.01648172491239719","0.0001271842742889273","-0.006840045624341484","0.017964675526636498","0.010435625034760365","0.034776832865560214","-0.0013157359781009736","0.0498306762816807","-0.06497588926270748","0.1875483061198815","-0.08215379253768951","-0.01632426435438805"
"2025/09/30","0.035620461449873186","0.020660193612009436","0.0578494149808364","0.03597119796326531","0.07099877841968372","0.0028770018149757437","0.006511001700145069","0.035909589492123084","0.003213952290013422","0.01570671523094158","0.018772436151298644","0.0005762950020318236","0.008783436608259976","0.11781871503413832","0.053765260876786236","-0.05559463889533689","0.025314792725034563","0.012296532578020214"
"2025/10/31","0.023837317255337664","0.011995225268050413","0.16641641681933184","0.022931198224059646","0.03558050306687166","0.0033374676331605624","0.007112621857362722","0.013811062867236101","0.002310603875961048","0.019757983198380513","0.001494724289649474","-0.02450216220003687","0.010448401318785994","0.036003887143667646","-0.039453588451788923","-0.07208882287327845","-0.11879386920275814","0.035701017074604824"
"2025/11/30","0.0019500533440308665","0.007408309899920473","-0.04173557465557631","0.0004243252182734025","-0.01772159537401996","0.004388188460186404","0.009881401949109136","0.002723279842013815","-0.014658797072189533","0.004966183009091907","0.00931169938120191","0.02422058815695305","0.002585151902533056","0.053322778949550065","-0.1749043673304268","-0.22223808754114904","-0.13862213229334142","0.015490596361884101"
"2025/12/31","0.000797497263286262","0.02710468633341412","0.003837303196534636","0.008928514716295854","0.021593114502084232","0.002947551276371918","-0.007611995900816293","-0.0265860461505264","-0.0213853563044738","0.00316367794844874","-0.007374621963077699","-0.022362604821730248","-0.009024537502801189","0.022163385287384374","-0.031921083253993454","-0.008380350258447189","-0.14854188987718442","0.0008254063471346829"
"2026/01/31","0.014737793329742122","0.049047169480886055","0.05867734653045398","0.028341221784608184","0.08024124076290162","0.00205269495438265","-0.0022875508436280834","-0.00034447195147513376","-0.014277848034319751","0.003115879219171891","0.003448400222099579","0.02610472285123544","0.10494363106417559","0.12356780837201287","-0.10156359224471101","-0.17591479164050716","-0.10570915926931923","-0.02078466583979488"
"2026/02/28","-0.008641994294614319","0.0460591677592288","0.10344827832199432","0.012920920529562174","0.05888332006821173","0.005317847737629888","0.02469972990245739","0.04633769541056343","0.019816412526852067","0.016274204753250032","0.01377971921168375","0.05385462241006689","0.01883828692542422","0.08629389265274234","-0.14786431722631777","-0.19632852246249066","-0.16301837304377942","0.017608747089077337"
"2026/03/31","-0.049379608638833394","-0.07828811494838861","-0.12499995959380461","-0.06113449384401359","-0.09252161010344029","-0.004665145572802287","-0.023202175439513528","-0.04230047788251523","-0.024170641875285837","-0.0349029794099639","-0.02072830107006629","-0.0631394046309326","0.2422958835653255","-0.11012411493208896","0.01847059111628857","0.07107080057553583","-0.026843771082124435","0.025548797650370103"
"2026/04/30","0.10505274506872397","0.053433582024111415","0.1591248544915247","0.09517949690122252","0.12678294616040398","0.0019070495364441609","-0.001503216697737897","-0.008396600253250841","-0.008756322078735002","0.024872837308638873","0.002819124943617579","0.08602042026482182","0.06635657022165709","-0.014859404872635151","0.1182854461667826","0.072001888437208","0.02027295965358422","0.002145896935087599"
"2026/05/31","0.05262574755586291","0.024237776774253872","0.11808351553088015","0.046192447943032455","0.07204244811316673","0.0007660996402711895","-0.00019011512463451563","0.005333799108614423","-0.008845224485483638","0.010902740643995434","0.00862346714549167","-0.006540173243025582","-0.07531259664306633","-0.015659189801330964","-0.035707451443659055","-0.1116496539291606","-0.026406449609505334","-0.005705947111490528"
"2026/06/30","-0.010292580956815511","0.0069068554739180055","0.06059733626078834","-0.0034703056569740376","0.0024137385558149482","0.0006459955592730271","0.002512333888315732","0.011659398478035099","0","0.004342585695319645","0.001128899195709021","0.016509259855657543","-0.10062889724416901","-0.11673875280056079","-0.20414367925930643","-0.21690798648393017","-0.22000030444316898","0.016657247483909288"
"2026/07/31","0.00034822442006920973","0.01636508107994561","-0.08407871198568873","-0.003440202208845111","-0.06314876615934895","0.0015634137922047042","-0.013887256416296512","-0.04473763223412919","-0.010411449984745302","-0.014368968202444043","-0.022431181385275556","0.02613292124323241","0.12027973734876007","0.008740511376547522","0.07265999994129846","0.18524788126580183","0.021286922645460615","-0.010745881984427497"
"2026/08/31","0.026799359784972054","0.017711641264979372","0.03109975961538458","0.02716870292776008","0.04571696789821056","0.0017247838123057857","0.001165895574771314","0.007324219389085895","-0.005527638190954809","0.005559861218526807","0.003951145107160103","-0.025366280154057508","0.062109794223043524","0.098989117720649","0.25050068969402917","0.32600085275847945","0.3003324261511271","-0.0003808434052505749"
"2026/09/30","-0.003293417783052144","-0.03313166737741813","0.014425178493370217","-0.011886908702904098","-0.0034317478224292763","-0.005462596659310703","-0.03352523232757054","-0.05382879063902324","-0.006063668519454279","-0.037263120734309485","-0.033905022166620835","-0.06255319926526659","0.045254216008501436","-0.06701709081002916","0.06372127140580197","0.08791038802481688","0.07929095502681327","-0.01697447672448993"